source,target,weight_recent_shared_papers,shared_citation_sum,supporting_papers,years,evidence_source
Michael O'Donnell,Huilin Li,12,183,The proofreading mechanism of the human leading-strand DNA polymerase ε holoenzyme (2025; OpenAlex citations=4; https://doi.org/10.1073/pnas.2507232122) || The proofreading mechanism of the human leading strand DNA polymerase ϵ holoenzyme (2025; OpenAlex citations=0; https://doi.org/10.1101/2025.04.11.648458) || Mechanism of PCNA loading by Ctf18-RFC for leading-strand DNA synthesis (2024; OpenAlex citations=25; https://doi.org/10.1126/science.adk5901) || Cryo-EM reveals a nearly complete PCNA loading process and unique features of the human alternative clamp loader CTF18-RFC (2024; OpenAlex citations=22; https://doi.org/10.1073/pnas.2319727121) || Structures of the human leading strand Polε–PCNA holoenzyme (2024; OpenAlex citations=16; https://doi.org/10.1038/s41467-024-52257-x) || The human ATAD5 has evolved unique structural elements to function exclusively as a PCNA unloader (2024; OpenAlex citations=13; https://doi.org/10.1038/s41594-024-01332-4) || Structure of the PCNA unloader Elg1-RFC (2024; OpenAlex citations=7; https://doi.org/10.1126/sciadv.adl1739) || Author Correction: Structures of the human leading strand Polε–PCNA holoenzyme (2024; OpenAlex citations=1; https://doi.org/10.1038/s41467-024-54128-x) || Cryo-EM structures reveal that RFC recognizes both the 3′- and 5′-DNA ends to load PCNA onto gaps for DNA repair (2022; OpenAlex citations=42; https://doi.org/10.7554/elife.77469) || DNA is loaded through the 9-1-1 DNA checkpoint clamp in the opposite direction of the PCNA clamp (2022; OpenAlex citations=36; https://doi.org/10.1038/s41594-022-00742-6) || Author response: Cryo-EM structures reveal that RFC recognizes both the 3′- and 5′-DNA ends to load PCNA onto gaps for DNA repair (2022; OpenAlex citations=0; https://doi.org/10.7554/elife.77469.sa2) || Water skating: How polymerase sliding clamps move on DNA (2021; OpenAlex citations=17; https://doi.org/10.1111/febs.15740),2025;2025;2024;2024;2024;2024;2024;2024;2022;2022;2022;2021,OpenAlex coauthorship metadata
John F. X. Diffley,Alessandro Costa,11,497,Structure of the Pre-Initiation Complex Explains CMGE Biogenesis (2026; OpenAlex citations=1; https://doi.org/10.64898/2026.05.15.725318) || Structure of the pre-initiation complex explains CMGE biogenesis (2026; OpenAlex citations=0; https://doi.org/10.1038/s41586-026-10657-7) || Cell cycle regulation has shaped replication origins in budding yeast (2025; OpenAlex citations=3; https://doi.org/10.1038/s41594-025-01591-9) || MCM double hexamer loading visualized with human proteins (2024; OpenAlex citations=31; https://doi.org/10.1038/s41586-024-08263-6) || Unwinding of a eukaryotic origin of replication visualized by cryo-EM (2024; OpenAlex citations=31; https://doi.org/10.1038/s41594-024-01280-z) || Cell Cycle Regulation has Shaped Budding Yeast Replication Origin Structure and Function (2024; OpenAlex citations=9; https://doi.org/10.1101/2024.01.10.575016) || Author Correction: Unwinding of a eukaryotic origin of replication visualized by cryo-EM (2024; OpenAlex citations=2; https://doi.org/10.1038/s41594-024-01398-0) || MCM Double Hexamer Loading Visualised with Human Proteins (2024; OpenAlex citations=1; https://doi.org/10.1101/2024.04.10.588848) || The Initiation of Eukaryotic DNA Replication (2022; OpenAlex citations=254; https://doi.org/10.1146/annurev-biochem-072321-110228) || Mechanism of replication origin melting nucleated by CMG helicase assembly (2022; OpenAlex citations=115; https://doi.org/10.1038/s41586-022-04829-4) || Structural mechanism for the selective phosphorylation of DNA-loaded MCM double hexamers by the Dbf4-dependent kinase (2021; OpenAlex citations=50; https://doi.org/10.1038/s41594-021-00698-z),2026;2026;2025;2024;2024;2024;2024;2024;2022;2022;2021,OpenAlex coauthorship metadata
Lisanne Spenkelink,Antoine M. van Oijen,8,97,Single-molecule visualization of stalled replication-fork rescue by the Escherichia coli Rep helicase (2023; OpenAlex citations=12; https://doi.org/10.1093/nar/gkad186) || Embracing Heterogeneity: Challenging the Paradigm of Replisomes as Deterministic Machines (2023; OpenAlex citations=10; https://doi.org/10.1021/acs.chemrev.3c00436) || Observing protein dynamics during DNA-lesion bypass by the replisome (2022; OpenAlex citations=5; https://doi.org/10.3389/fmolb.2022.968424) || Production of long linear DNA substrates with site-specific chemical lesions for single-molecule replisome studies (2022; OpenAlex citations=4; https://doi.org/10.1016/bs.mie.2022.02.022) || Single-molecule visualization of stalled replication-fork rescue by the Escherichia coli Rep helicase (2022; OpenAlex citations=0; https://doi.org/10.1101/2022.12.04.519054) || DnaB helicase dynamics in bacterial DNA replication resolved by single-molecule studies (2021; OpenAlex citations=44; https://doi.org/10.1093/nar/gkab493) || Single-Molecule Insights Into the Dynamics of Replicative Helicases (2021; OpenAlex citations=16; https://doi.org/10.3389/fmolb.2021.741718) || The E. coli helicase does not use ATP during replication (2021; OpenAlex citations=6; https://doi.org/10.1101/2021.07.07.451541),2023;2023;2022;2022;2022;2021;2021;2021,OpenAlex coauthorship metadata
John F. X. Diffley,Nynke H. Dekker,8,87,Cell cycle regulation has shaped replication origins in budding yeast (2025; OpenAlex citations=3; https://doi.org/10.1038/s41594-025-01591-9) || Cell Cycle Regulation has Shaped Budding Yeast Replication Origin Structure and Function (2024; OpenAlex citations=9; https://doi.org/10.1101/2024.01.10.575016) || Hybrid Ensemble and Single-molecule Assay to Image the Motion of Fully Reconstituted CMG (2024; OpenAlex citations=0; https://doi.org/10.3791/67076) || Nucleotide binding halts diffusion of the eukaryotic replicative helicase during activation (2023; OpenAlex citations=21; https://doi.org/10.1038/s41467-023-37093-9) || A chromatinized origin reduces the mobility of ORC and MCM through interactions and spatial constraint (2023; OpenAlex citations=11; https://doi.org/10.1038/s41467-023-42524-8) || A chromatinized origin reduces the mobility of ORC and MCM through interactions and spatial constraint (2023; OpenAlex citations=1; https://doi.org/10.1101/2023.05.18.541303) || Nucleotide binding halts diffusion of the eukaryotic replicative helicase during activation (2022; OpenAlex citations=1; https://doi.org/10.1101/2022.12.23.521684) || DNA replication origins retain mobile licensing proteins (2021; OpenAlex citations=41; https://doi.org/10.1038/s41467-021-22216-x),2025;2024;2024;2023;2023;2023;2022;2021,OpenAlex coauthorship metadata
Thomas C. R. Miller,Alessandro Costa,7,102,Cell cycle regulation has shaped replication origins in budding yeast (2025; OpenAlex citations=3; https://doi.org/10.1038/s41594-025-01591-9) || MCM double hexamer loading visualized with human proteins (2024; OpenAlex citations=31; https://doi.org/10.1038/s41586-024-08263-6) || Cell Cycle Regulation has Shaped Budding Yeast Replication Origin Structure and Function (2024; OpenAlex citations=9; https://doi.org/10.1101/2024.01.10.575016) || MCM Double Hexamer Loading Visualised with Human Proteins (2024; OpenAlex citations=1; https://doi.org/10.1101/2024.04.10.588848) || In silico reconstitution of DNA replication. Lessons from single-molecule imaging and cryo-tomography applied to single-particle cryo-EM (2022; OpenAlex citations=5; https://doi.org/10.1016/j.sbi.2021.11.015) || ReconSil: An electron microscopy toolbox to study helicase function at an origin of replication (2022; OpenAlex citations=3; https://doi.org/10.1016/bs.mie.2022.03.016) || Structural mechanism for the selective phosphorylation of DNA-loaded MCM double hexamers by the Dbf4-dependent kinase (2021; OpenAlex citations=50; https://doi.org/10.1038/s41594-021-00698-z),2025;2024;2024;2024;2022;2022;2021,OpenAlex coauthorship metadata
Domenico Maiorano,Philippe Pasero,7,4,Synergistic effect of inhibiting CHK2 and DNA replication on cancer cell growth (2025; OpenAlex citations=0; https://doi.org/10.7554/elife.104718.2) || Author response: Synergistic effect of inhibiting CHK2 and DNA replication on cancer cell growth (2025; OpenAlex citations=0; https://doi.org/10.7554/elife.104718.2.sa3) || Synergistic effect of inhibiting CHK2 and DNA replication on cancer cell growth (2024; OpenAlex citations=4; https://doi.org/10.7554/elife.104718) || Author response: Synergistic effect of inhibiting CHK2 and DNA replication on cancer cell growth (2024; OpenAlex citations=0; https://doi.org/10.7554/elife.104718.1.sa0) || Synergistic effect of inhibiting CHK2 and DNA replication on cancer cell growth (2024; OpenAlex citations=0; https://doi.org/10.7554/elife.104718.1) || Synergistic effect of inhibiting CHK2 and DNA replication on cancer cell growth (2024; OpenAlex citations=0; https://doi.org/10.21203/rs.3.rs-3850792/v2) || Synergistic effect of inhibiting CHK2 and DNA replication on cancer cell growth (2024; OpenAlex citations=0; https://doi.org/10.21203/rs.3.rs-3850792/v1),2025;2025;2024;2024;2024;2024;2024,OpenAlex coauthorship metadata
Lisanne Spenkelink,Jacob S. Lewis,6,21,ATP is dispensable for E. coli DNA replication and eukaryotic helicase activity (2026; OpenAlex citations=1; https://doi.org/10.1038/s41467-026-73893-5) || Direct visualisation of post-replication gap formation at the bacterial RRS (2026; OpenAlex citations=0; https://doi.org/10.64898/2026.06.16.732529) || Single-Molecule Fluorescence Visualization of DNA Polymerase Dynamics at G-Quadruplexes (2025; OpenAlex citations=0; https://doi.org/10.3791/68080) || Embracing Heterogeneity: Challenging the Paradigm of Replisomes as Deterministic Machines (2023; OpenAlex citations=10; https://doi.org/10.1021/acs.chemrev.3c00436) || Production of long linear DNA substrates with site-specific chemical lesions for single-molecule replisome studies (2022; OpenAlex citations=4; https://doi.org/10.1016/bs.mie.2022.02.022) || The E. coli helicase does not use ATP during replication (2021; OpenAlex citations=6; https://doi.org/10.1101/2021.07.07.451541),2026;2026;2025;2023;2022;2021,OpenAlex coauthorship metadata
John F. X. Diffley,Jacob S. Lewis,5,149,Structure of the Pre-Initiation Complex Explains CMGE Biogenesis (2026; OpenAlex citations=1; https://doi.org/10.64898/2026.05.15.725318) || Structure of the pre-initiation complex explains CMGE biogenesis (2026; OpenAlex citations=0; https://doi.org/10.1038/s41586-026-10657-7) || Unwinding of a eukaryotic origin of replication visualized by cryo-EM (2024; OpenAlex citations=31; https://doi.org/10.1038/s41594-024-01280-z) || Author Correction: Unwinding of a eukaryotic origin of replication visualized by cryo-EM (2024; OpenAlex citations=2; https://doi.org/10.1038/s41594-024-01398-0) || Mechanism of replication origin melting nucleated by CMG helicase assembly (2022; OpenAlex citations=115; https://doi.org/10.1038/s41586-022-04829-4),2026;2026;2024;2024;2022,OpenAlex coauthorship metadata
Jacob S. Lewis,Alessandro Costa,5,149,Structure of the Pre-Initiation Complex Explains CMGE Biogenesis (2026; OpenAlex citations=1; https://doi.org/10.64898/2026.05.15.725318) || Structure of the pre-initiation complex explains CMGE biogenesis (2026; OpenAlex citations=0; https://doi.org/10.1038/s41586-026-10657-7) || Unwinding of a eukaryotic origin of replication visualized by cryo-EM (2024; OpenAlex citations=31; https://doi.org/10.1038/s41594-024-01280-z) || Author Correction: Unwinding of a eukaryotic origin of replication visualized by cryo-EM (2024; OpenAlex citations=2; https://doi.org/10.1038/s41594-024-01398-0) || Mechanism of replication origin melting nucleated by CMG helicase assembly (2022; OpenAlex citations=115; https://doi.org/10.1038/s41586-022-04829-4),2026;2026;2024;2024;2022,OpenAlex coauthorship metadata
Bik-Kwoon Tye,Yuanliang Zhai,5,121,DNA bending mediated by ORC is essential for replication licensing in budding yeast (2025; OpenAlex citations=2; https://doi.org/10.1073/pnas.2502277122) || The human pre-replication complex is an open complex (2023; OpenAlex citations=75; https://doi.org/10.1016/j.cell.2022.12.008) || The Origin Recognition Complex: From Origin Selection to Replication Licensing in Yeast and Humans (2023; OpenAlex citations=6; https://doi.org/10.3390/biology13010013) || Structural Insight into the MCM double hexamer activation by Dbf4-Cdc7 kinase (2022; OpenAlex citations=37; https://doi.org/10.1038/s41467-022-29070-5) || Author Correction: Structural Insight into the MCM double hexamer activation by Dbf4-Cdc7 kinase (2022; OpenAlex citations=1; https://doi.org/10.1038/s41467-022-30188-9),2025;2023;2023;2022;2022,OpenAlex coauthorship metadata
Maria Spies,Marc S. Wold,5,95,Antagonistic roles of canonical and Alternative-RPA in disease-associated tandem CAG repeat instability (2023; OpenAlex citations=28; https://doi.org/10.1016/j.cell.2023.09.008) || Poly (ADP-ribose) polymerase 1 (2022; OpenAlex citations=2; https://doi.org/10.17077/etd.006405) || Gain-of-function mutations in RPA1 cause a syndrome with short telomeres and somatic genetic rescue (2021; OpenAlex citations=65; https://doi.org/10.1182/blood.2021011980) || RPA DNA-binding domain dynamics (2021; OpenAlex citations=0; https://doi.org/10.17077/etd.005974) || The structure and function of fork remodeling helicase RAD5 (2021; OpenAlex citations=0; https://doi.org/10.17077/etd.006021),2023;2022;2021;2021;2021,OpenAlex coauthorship metadata
John F. X. Diffley,Thomas C. R. Miller,5,94,Cell cycle regulation has shaped replication origins in budding yeast (2025; OpenAlex citations=3; https://doi.org/10.1038/s41594-025-01591-9) || MCM double hexamer loading visualized with human proteins (2024; OpenAlex citations=31; https://doi.org/10.1038/s41586-024-08263-6) || Cell Cycle Regulation has Shaped Budding Yeast Replication Origin Structure and Function (2024; OpenAlex citations=9; https://doi.org/10.1101/2024.01.10.575016) || MCM Double Hexamer Loading Visualised with Human Proteins (2024; OpenAlex citations=1; https://doi.org/10.1101/2024.04.10.588848) || Structural mechanism for the selective phosphorylation of DNA-loaded MCM double hexamers by the Dbf4-dependent kinase (2021; OpenAlex citations=50; https://doi.org/10.1038/s41594-021-00698-z),2025;2024;2024;2024;2021,OpenAlex coauthorship metadata
Wojciech Niedzwiedz,Andrés Aguilera,5,61,Actin nucleators safeguard replication forks by limiting nascent strand degradation (2023; OpenAlex citations=24; https://doi.org/10.1093/nar/gkad369) || Actin nucleators safeguard replication forks by limiting nascent strand degradation (2023; OpenAlex citations=0; https://doi.org/10.1101/2023.01.12.523639) || Actin nucleators safeguard replication forks by limiting nascent strand degradation (2023; OpenAlex citations=0; https://doi.org/10.6084/m9.figshare.21312300) || WASp modulates RPA function on single-stranded DNA in response to replication stress and DNA damage (2022; OpenAlex citations=37; https://doi.org/10.1038/s41467-022-31415-z) || Actin nucleation safeguards single-stranded DNA and promotes replication fork protection (2021; OpenAlex citations=0; https://doi.org/10.21203/rs.3.rs-806457/v1),2023;2023;2023;2022;2021,OpenAlex coauthorship metadata
Karim Labib,Tom Deegan,4,159,CMG helicase disassembly is essential and driven by two pathways in budding yeast (2024; OpenAlex citations=8; https://doi.org/10.1038/s44318-024-00161-x) || CMG helicase disassembly is essential and driven by two pathways in budding yeast (2024; OpenAlex citations=0; https://doi.org/10.1101/2024.03.24.586448) || A conserved mechanism for regulating replisome disassembly in eukaryotes (2021; OpenAlex citations=122; https://doi.org/10.1038/s41586-021-04145-3) || TIMELESS‐TIPIN and UBXN‐3 promote replisome disassembly during DNA replication termination in Caenorhabditis elegans (2021; OpenAlex citations=29; https://doi.org/10.15252/embj.2021108053),2024;2024;2021;2021,OpenAlex coauthorship metadata
Lee Zou,Alessandro Vindigni,3,319,A RAD18–UBC13–PALB2–RNF168 axis mediates replication fork recovery in BRCA1-deficient cancer cells (2024; OpenAlex citations=8; https://doi.org/10.1093/nar/gkae563) || Temporally distinct post-replicative repair mechanisms fill PRIMPOL-dependent ssDNA gaps in human cells (2021; OpenAlex citations=197; https://doi.org/10.1016/j.molcel.2021.09.013) || CARM1 regulates replication fork speed and stress response by stimulating PARP1 (2021; OpenAlex citations=114; https://doi.org/10.1016/j.molcel.2020.12.010),2024;2021;2021,OpenAlex coauthorship metadata
David Rueda,Simon J. Boulton,3,201,POLQ seals post-replicative ssDNA gaps to maintain genome stability in BRCA-deficient cancer cells (2022; OpenAlex citations=130; https://doi.org/10.1016/j.molcel.2022.11.008) || HELQ is a dual-function DSB repair enzyme modulated by RPA and RAD51 (2021; OpenAlex citations=71; https://doi.org/10.1038/s41586-021-04261-0) || HELQ is a dual function DSB repair enzyme modulated by RPA and RAD51 (2021; OpenAlex citations=0; https://doi.org/10.21203/rs.3.rs-583248/v1),2022;2021;2021,OpenAlex coauthorship metadata
Jacob S. Lewis,Antoine M. van Oijen,3,20,Embracing Heterogeneity: Challenging the Paradigm of Replisomes as Deterministic Machines (2023; OpenAlex citations=10; https://doi.org/10.1021/acs.chemrev.3c00436) || Production of long linear DNA substrates with site-specific chemical lesions for single-molecule replisome studies (2022; OpenAlex citations=4; https://doi.org/10.1016/bs.mie.2022.02.022) || The E. coli helicase does not use ATP during replication (2021; OpenAlex citations=6; https://doi.org/10.1101/2021.07.07.451541),2023;2022;2021,OpenAlex coauthorship metadata
Massimo Lopes,Steve P. Jackson,3,6,MDC1 counteracts replication fork reversal and mediates chemosensitivity in BRCA1/2-deficient tumors. (2026; OpenAlex citations=0; https://doi.org/10.48620/93444) || MDC1 counteracts replication fork reversal and mediates chemosensitivity in BRCA1/2-deficient tumors (2025; OpenAlex citations=0; https://doi.org/10.1038/s41388-025-03659-8) || MDC1 counteracts restrained replication fork restart and its loss causes chemoresistance in BRCA1/2-deficient mammary tumors (2022; OpenAlex citations=6; https://doi.org/10.1101/2022.08.18.504391),2026;2025;2022,OpenAlex coauthorship metadata
Marcus B. Smolka,Grant W. Brown,3,6,Mec1-independent activation of the Rad53 checkpoint kinase revealed by quantitative analysis of protein localization dynamics (2023; OpenAlex citations=6; https://doi.org/10.7554/elife.82483) || Author response: Mec1-independent activation of the Rad53 checkpoint kinase revealed by quantitative analysis of protein localization dynamics (2023; OpenAlex citations=0; https://doi.org/10.7554/elife.82483.sa2) || Mec1-Independent Activation of the Rad53 Checkpoint Kinase Revealed by Quantitative Analysis of Protein Localization Dynamics (2022; OpenAlex citations=0; https://doi.org/10.1101/2022.08.04.502543),2023;2023;2022,OpenAlex coauthorship metadata
Massimo Lopes,Marcus B. Smolka,3,2,Non-canonical ATR signalling via NBS1 phosphorylation propagates fork slowing from stressed to unperturbed nuclear regions (2026; OpenAlex citations=0; https://doi.org/10.64898/2026.07.09.737522) || Fork Slowing and Reversal as an Adaptive Response to Chronic ATR Inhibition (2021; OpenAlex citations=2; https://doi.org/10.1101/2021.05.18.444697) || Fork Slowing and Reversal as an Adaptive Response to Chronic ATR Inhibition (2021; OpenAlex citations=0; https://doi.org/10.2139/ssrn.3869893),2026;2021;2021,OpenAlex coauthorship metadata
Karim Labib,Joseph T. P. Yeeles,2,166,DNSN-1 recruits GINS for CMG helicase assembly during DNA replication initiation in Caenorhabditis elegans (2023; OpenAlex citations=44; https://doi.org/10.1126/science.adi4932) || A conserved mechanism for regulating replisome disassembly in eukaryotes (2021; OpenAlex citations=122; https://doi.org/10.1038/s41586-021-04145-3),2023;2021,OpenAlex coauthorship metadata
Tom Deegan,Joseph T. P. Yeeles,2,122,A conserved mechanism for regulating replisome disassembly in eukaryotes (2021; OpenAlex citations=122; https://doi.org/10.1038/s41586-021-04145-3) || S. cerevisiae replisome-SCF(Dia2) complex bound to double-stranded DNA (conformation I) (2021; OpenAlex citations=0; https://doi.org/10.2210/pdb7pmk/pdb),2021;2021,OpenAlex coauthorship metadata
David Cortez,Alessandro Vindigni,2,109,FET proteins and PARylation-dependent condensates promote replication fork reversal and genome stability (2026; OpenAlex citations=0; https://doi.org/10.1038/s41467-026-74950-9) || RAD51 bypasses the CMG helicase to promote replication fork reversal (2023; OpenAlex citations=109; https://doi.org/10.1126/science.add7328),2026;2023,OpenAlex coauthorship metadata
Massimo Lopes,Juan Mendez,2,87,RAD51 restricts DNA over-replication from re-activated origins (2024; OpenAlex citations=16; https://doi.org/10.1038/s44318-024-00038-z) || PrimPol‐mediated repriming facilitates replication traverse of DNA interstrand crosslinks (2021; OpenAlex citations=71; https://doi.org/10.15252/embj.2020106355),2024;2021,OpenAlex coauthorship metadata
Massimo Lopes,Houra Merrikh,2,79,Direct visualization of transcription-replication conflicts reveals post-replicative DNA:RNA hybrids (2023; OpenAlex citations=77; https://doi.org/10.1038/s41594-023-00928-6) || Locus-Specific Analysis of Replication Dynamics and Detection of DNA–RNA Hybrids by Immuno Electron Microscopy (2022; OpenAlex citations=2; https://doi.org/10.1007/978-1-0716-2477-7_6),2023;2022,OpenAlex coauthorship metadata
Christian Speck,Huilin Li,2,78,MCM2-7 ring closure involves the Mcm5 C-terminus and triggers Mcm4 ATP hydrolysis (2025; OpenAlex citations=10; https://doi.org/10.1038/s41467-024-55479-1) || The structure of ORC–Cdc6 on an origin DNA reveals the mechanism of ORC activation by the replication initiator Cdc6 (2021; OpenAlex citations=68; https://doi.org/10.1038/s41467-021-24199-1),2025;2021,OpenAlex coauthorship metadata
Titia de Lange,Joseph T. P. Yeeles,2,64,CST–polymerase α-primase solves a second telomere end-replication problem (2024; OpenAlex citations=61; https://doi.org/10.1038/s41586-024-07137-1) || CST–Polymeraseα-primase solves a second telomere end-replication problem (2023; OpenAlex citations=3; https://doi.org/10.1101/2023.10.26.564248),2024;2023,OpenAlex coauthorship metadata
Agnieszka Gambus,Alessandro Costa,2,53,Protocol for the purification of replisomes from the Xenopus laevis egg extract system for single-particle cryo-EM analysis (2024; OpenAlex citations=3; https://doi.org/10.1016/j.xpro.2024.103237) || The structural mechanism of dimeric DONSON in replicative helicase activation (2023; OpenAlex citations=50; https://doi.org/10.1016/j.molcel.2023.09.029),2024;2023,OpenAlex coauthorship metadata
Thanos D. Halazonetis,Madalena Tarsounas,2,52,High-resolution mapping of mitotic DNA synthesis under conditions of replication stress in cultured cells (2023; OpenAlex citations=1; https://doi.org/10.1016/j.xpro.2022.101970) || Mitotic DNA synthesis is caused by transcription-replication conflicts in BRCA2-deficient cells (2022; OpenAlex citations=51; https://doi.org/10.1016/j.molcel.2022.07.011),2023;2022,OpenAlex coauthorship metadata
Massimo Lopes,Claus Storgaard Sørensen,2,47,H2AX promotes replication fork degradation and chemosensitivity in BRCA-deficient tumours (2024; OpenAlex citations=45; https://doi.org/10.1038/s41467-024-48715-1) || H2AX promotes replication fork degradation and chemosensitivity in BRCA-deficient tumours (2023; OpenAlex citations=2; https://doi.org/10.1101/2023.05.22.541781),2024;2023,OpenAlex coauthorship metadata
Nynke H. Dekker,Anja Groth,2,44,CAF-1 deposits newly synthesized histones during DNA replication using distinct mechanisms on the leading and lagging strands (2023; OpenAlex citations=42; https://doi.org/10.1093/nar/gkad171) || CAF-1 deposits newly synthesized histones during DNA replication using distinct mechanisms on the leading and lagging strands (2022; OpenAlex citations=2; https://doi.org/10.1101/2022.10.14.512229),2023;2022,OpenAlex coauthorship metadata
Rodney Rothstein,Lorraine S. Symington,2,41,Repair of replication-dependent double-strand breaks differs between the leading and lagging strands (2024; OpenAlex citations=34; https://doi.org/10.1016/j.molcel.2024.10.032) || Strand asymmetry in the repair of replication dependent double-strand breaks (2024; OpenAlex citations=7; https://doi.org/10.1101/2024.06.17.598707),2024;2024,OpenAlex coauthorship metadata
Roger A. Greenberg,Alessandro Vindigni,2,21,The BRCA1-A complex restricts replication fork reversal-dependent DNA repair in ATM deficient cells (2026; OpenAlex citations=0; https://doi.org/10.1038/s41467-026-75271-7) || Telomere erosion in human pluripotent stem cells leads to ATR-mediated mitotic catastrophe (2021; OpenAlex citations=21; https://doi.org/10.1083/jcb.202011014),2026;2021,OpenAlex coauthorship metadata
Christoph F. Kurat,Andrés Aguilera,2,15,Dbf4-Dependent Kinase Finetunes INO80 Function at Chromosome Replication Origins (2024; OpenAlex citations=0; https://doi.org/10.1101/2024.06.10.598178) || A CDK-regulated chromatin segregase promoting chromosome replication (2021; OpenAlex citations=15; https://doi.org/10.1038/s41467-021-25424-7),2024;2021,OpenAlex coauthorship metadata
Peter M. Burgers,Thomas D. Petes,2,13,"The fidelity of DNA replication, particularly on GC-rich templates, is reduced by defects of the Fe–S cluster in DNA polymerase δ (2025; OpenAlex citations=0; https://doi.org/10.17615/h1z8-xz11) || The fidelity of DNA replication, particularly on GC-rich templates, is reduced by defects of the Fe–S cluster in DNA polymerase δ (2021; OpenAlex citations=13; https://doi.org/10.1093/nar/gkab371)",2025;2021,OpenAlex coauthorship metadata
Stephen C. Kowalczykowski,Kenneth J. Marians,2,13,Direct visualization of translesion DNA synthesis polymerase IV at the replisome (2022; OpenAlex citations=13; https://doi.org/10.1073/pnas.2208390119) || Direct Visualization of Translesion DNA Synthesis Polymerase IV at the Replisome (2022; OpenAlex citations=0; https://doi.org/10.1101/2022.04.23.489275),2022;2022,OpenAlex coauthorship metadata
Thomas C. R. Miller,Nynke H. Dekker,2,12,Cell cycle regulation has shaped replication origins in budding yeast (2025; OpenAlex citations=3; https://doi.org/10.1038/s41594-025-01591-9) || Cell Cycle Regulation has Shaped Budding Yeast Replication Origin Structure and Function (2024; OpenAlex citations=9; https://doi.org/10.1101/2024.01.10.575016),2025;2024,OpenAlex coauthorship metadata
Nynke H. Dekker,Alessandro Costa,2,12,Cell cycle regulation has shaped replication origins in budding yeast (2025; OpenAlex citations=3; https://doi.org/10.1038/s41594-025-01591-9) || Cell Cycle Regulation has Shaped Budding Yeast Replication Origin Structure and Function (2024; OpenAlex citations=9; https://doi.org/10.1101/2024.01.10.575016),2025;2024,OpenAlex coauthorship metadata
Marcus B. Smolka,Stephen C. West,2,12,Comprehensive analysis of DNA replication timing across 184 cell lines suggests a role forMCM10in replication timing regulation (2022; OpenAlex citations=11; https://doi.org/10.1093/hmg/ddac082) || Comprehensive analysis of DNA replication timing in genetic diseases and gene knockouts identifies MCM10 as a novel regulator of the replication program (2021; OpenAlex citations=1; https://doi.org/10.1101/2021.09.08.459433),2022;2021,OpenAlex coauthorship metadata
Julian J. Blow,David M. Gilbert,2,10,The location and development of Replicon Cluster Domains in early replicating DNA (2023; OpenAlex citations=6; https://doi.org/10.12688/wellcomeopenres.18742.2) || The location and development of Replicon Cluster Domains in early replicating DNA (2023; OpenAlex citations=4; https://doi.org/10.12688/wellcomeopenres.18742.1),2023;2023,OpenAlex coauthorship metadata
Steve P. Jackson,Johannes C. Walter,2,7,USP37 prevents premature disassembly of stressed replisomes by TRAIP (2025; OpenAlex citations=4; https://doi.org/10.1038/s41467-025-60139-z) || USP37 prevents premature disassembly of stressed replisomes by TRAIP (2024; OpenAlex citations=3; https://doi.org/10.1101/2024.09.03.611025),2025;2024,OpenAlex coauthorship metadata
James E. Haber,Susan T. Lovett,2,6,Spontaneous and double-strand break repair-associated quasipalindrome and frameshift mutagenesis in budding yeast: role of mismatch repair (2024; OpenAlex citations=5; https://doi.org/10.1093/genetics/iyae068) || Spontaneous and double-strand break repair-associated quasipalindrome and frameshift mutagenesis in budding yeast: role of mismatch repair (2023; OpenAlex citations=1; https://doi.org/10.1101/2023.08.09.552703),2024;2023,OpenAlex coauthorship metadata
Karl E. Duderstadt,Samir M. Hamdan,2,2,Real-time imaging of rotation during synthesis by the replisome (2026; OpenAlex citations=1; https://doi.org/10.1126/sciadv.adx4089) || Real-time imaging of rotation during synthesis by the replisome (2025; OpenAlex citations=1; https://doi.org/10.1101/2025.04.01.646591),2026;2025,OpenAlex coauthorship metadata
Hasan Yardimci,Puck Knipscheer,2,0,FANCJ and RTEL1 facilitate pre-replication complex disassembly following replisome collision (2026; OpenAlex citations=0; https://doi.org/10.1016/j.celrep.2026.117860) || FANCJ and RTEL1 facilitate pre-replication complex disassembly following replisome collision (2026; OpenAlex citations=0; https://doi.org/10.17632/h3559gchp7.1),2026;2026,OpenAlex coauthorship metadata
Stephen C. West,David Rueda,1,130,POLQ seals post-replicative ssDNA gaps to maintain genome stability in BRCA-deficient cancer cells (2022; OpenAlex citations=130; https://doi.org/10.1016/j.molcel.2022.11.008),2022,OpenAlex coauthorship metadata
Stephen C. West,Simon J. Boulton,1,130,POLQ seals post-replicative ssDNA gaps to maintain genome stability in BRCA-deficient cancer cells (2022; OpenAlex citations=130; https://doi.org/10.1016/j.molcel.2022.11.008),2022,OpenAlex coauthorship metadata
Nicholas Rhind,David M. Gilbert,1,120,Genome-wide mapping of human DNA replication by optical replication mapping supports a stochastic model of eukaryotic replication (2021; OpenAlex citations=120; https://doi.org/10.1016/j.molcel.2021.05.024),2021,OpenAlex coauthorship metadata
Niels Mailand,Anja Groth,1,106,Proteome dynamics at broken replication forks reveal a distinct ATM-directed repair response suppressing DNA double-strand break ubiquitination (2021; OpenAlex citations=106; https://doi.org/10.1016/j.molcel.2020.12.025),2021,OpenAlex coauthorship metadata
Christian Speck,Bruce Stillman,1,68,The structure of ORC–Cdc6 on an origin DNA reveals the mechanism of ORC activation by the replication initiator Cdc6 (2021; OpenAlex citations=68; https://doi.org/10.1038/s41467-021-24199-1),2021,OpenAlex coauthorship metadata
Bruce Stillman,Huilin Li,1,68,The structure of ORC–Cdc6 on an origin DNA reveals the mechanism of ORC activation by the replication initiator Cdc6 (2021; OpenAlex citations=68; https://doi.org/10.1038/s41467-021-24199-1),2021,OpenAlex coauthorship metadata
Anja Groth,Hideo Masai,1,55,The fork protection complex promotes parental histone recycling and epigenetic memory (2024; OpenAlex citations=55; https://doi.org/10.1016/j.cell.2024.07.017),2024,OpenAlex coauthorship metadata
Christoph F. Kurat,Karl E. Duderstadt,1,54,The fork protection complex recruits FACT to reorganize nucleosomes during replication (2022; OpenAlex citations=54; https://doi.org/10.1093/nar/gkac005),2022,OpenAlex coauthorship metadata
Marco Foiani,Andrés Aguilera,1,53,The human nucleoporin Tpr protects cells from RNA-mediated replication stress (2021; OpenAlex citations=53; https://doi.org/10.1038/s41467-021-24224-3),2021,OpenAlex coauthorship metadata
Nynke H. Dekker,Puck Knipscheer,1,42,CAF-1 deposits newly synthesized histones during DNA replication using distinct mechanisms on the leading and lagging strands (2023; OpenAlex citations=42; https://doi.org/10.1093/nar/gkad171),2023,OpenAlex coauthorship metadata
Anja Groth,Puck Knipscheer,1,42,CAF-1 deposits newly synthesized histones during DNA replication using distinct mechanisms on the leading and lagging strands (2023; OpenAlex citations=42; https://doi.org/10.1093/nar/gkad171),2023,OpenAlex coauthorship metadata
Keith W. Caldecott,Steve P. Jackson,1,40,Unrepaired base excision repair intermediates in template DNA strands trigger replication fork collapse and PARP inhibitor sensitivity (2023; OpenAlex citations=40; https://doi.org/10.15252/embj.2022113190),2023,OpenAlex coauthorship metadata
Eric C. Greene,David Cortez,1,39,RADX controls RAD51 filament dynamics to regulate replication fork stability (2021; OpenAlex citations=39; https://doi.org/10.1016/j.molcel.2020.12.036),2021,OpenAlex coauthorship metadata
Wojciech Niedzwiedz,Marc S. Wold,1,37,WASp modulates RPA function on single-stranded DNA in response to replication stress and DNA damage (2022; OpenAlex citations=37; https://doi.org/10.1038/s41467-022-31415-z),2022,OpenAlex coauthorship metadata
Andrés Aguilera,Marc S. Wold,1,37,WASp modulates RPA function on single-stranded DNA in response to replication stress and DNA damage (2022; OpenAlex citations=37; https://doi.org/10.1038/s41467-022-31415-z),2022,OpenAlex coauthorship metadata
Karim Labib,Zhiguo Zhang,1,34,Spt5 histone binding activity preserves chromatin during transcription by RNA polymerase II (2022; OpenAlex citations=34; https://doi.org/10.15252/embj.2021109783),2022,OpenAlex coauthorship metadata
Wojciech Niedzwiedz,Andrew J. Deans,1,34,Branchpoint translocation by fork remodelers as a general mechanism of R-loop removal (2022; OpenAlex citations=34; https://doi.org/10.1016/j.celrep.2022.111749),2022,OpenAlex coauthorship metadata
Marcus B. Smolka,Lorraine S. Symington,1,29,Phosphoproteomics reveals a distinctive Mec1/ATR signaling response upon DNA end hyper‐resection (2021; OpenAlex citations=29; https://doi.org/10.15252/embj.2020104566),2021,OpenAlex coauthorship metadata
Marcus B. Smolka,Katsuhiko Shirahige,1,22,Checkpoint-mediated DNA polymerase ε exonuclease activity curbing counteracts resection-driven fork collapse (2021; OpenAlex citations=22; https://doi.org/10.1016/j.molcel.2021.04.006),2021,OpenAlex coauthorship metadata
Marcus B. Smolka,Joseph T. P. Yeeles,1,22,Checkpoint-mediated DNA polymerase ε exonuclease activity curbing counteracts resection-driven fork collapse (2021; OpenAlex citations=22; https://doi.org/10.1016/j.molcel.2021.04.006),2021,OpenAlex coauthorship metadata
Katsuhiko Shirahige,Joseph T. P. Yeeles,1,22,Checkpoint-mediated DNA polymerase ε exonuclease activity curbing counteracts resection-driven fork collapse (2021; OpenAlex citations=22; https://doi.org/10.1016/j.molcel.2021.04.006),2021,OpenAlex coauthorship metadata
Philippe Pasero,Angelos Constantinou,1,21,The BLM helicase is a new therapeutic target in multiple myeloma involved in replication stress survival and drug resistance (2022; OpenAlex citations=21; https://doi.org/10.3389/fimmu.2022.983181),2022,OpenAlex coauthorship metadata
Susan T. Lovett,Antoine M. van Oijen,1,21,Generation and Repair of Postreplication Gaps in Escherichia coli (2023; OpenAlex citations=21; https://doi.org/10.1128/mmbr.00078-22),2023,OpenAlex coauthorship metadata
John F. X. Diffley,Bruce Stillman,1,18,Mechanisms for licensing origins of DNA replication in eukaryotic cells (2025; OpenAlex citations=18; https://doi.org/10.1038/s41594-025-01587-5),2025,OpenAlex coauthorship metadata
Eric C. Greene,James E. Haber,1,13,Repair of mismatched templates during Rad51-dependent Break-Induced Replication (2022; OpenAlex citations=13; https://doi.org/10.1371/journal.pgen.1010056),2022,OpenAlex coauthorship metadata
Alberto Ciccia,Maria Jasin,1,13,BRCA1 and 53BP1 regulate reprogramming efficiency by mediating DNA repair pathway choice at replication-associated double-strand breaks (2024; OpenAlex citations=13; https://doi.org/10.1016/j.celrep.2024.114006),2024,OpenAlex coauthorship metadata
Hasan Yardimci,Heath Murray,1,8,The bacterial replication origin BUS promotes nucleobase capture (2023; OpenAlex citations=8; https://doi.org/10.1038/s41467-023-43823-w),2023,OpenAlex coauthorship metadata
Marco Foiani,Xingzhi Xu,1,7,DNA damage response regulator ATR licenses PINK1-mediated mitophagy (2025; OpenAlex citations=7; https://doi.org/10.1093/nar/gkaf178),2025,OpenAlex coauthorship metadata
Xingzhi Xu,Yuanliang Zhai,1,6,MCM5 UFMylation regulates replication origin firing and fork progression (2025; OpenAlex citations=6; https://doi.org/10.1038/s44318-025-00562-6),2025,OpenAlex coauthorship metadata
John F. X. Diffley,Andrés Aguilera,1,4,S-phase checkpoint protects from aberrant replication fork processing and degradation (2025; OpenAlex citations=4; https://doi.org/10.1093/nar/gkaf707),2025,OpenAlex coauthorship metadata
Domenico Maiorano,Angelos Constantinou,1,4,Dihydropyrimidinase Protects from DNA Replication Stress Caused by Cytotoxic Metabolites (2021; OpenAlex citations=4; https://doi.org/10.37247/imcac.1.2021.13),2021,OpenAlex coauthorship metadata
Julian J. Blow,Christian Speck,1,1,Geminin inhibits DNA replication licensing by sterically blocking CDT1-MCM2 interactions (2025; OpenAlex citations=1; https://doi.org/10.1038/s41467-025-67073-0),2025,OpenAlex coauthorship metadata
Shixin Liu,Xiaolan Zhao,1,1,A non-catalytic role for RFC in PCNA-mediated processive DNA synthesis (2025; OpenAlex citations=1; https://doi.org/10.1101/2025.08.08.669392),2025,OpenAlex coauthorship metadata
Agnel Sfeir,Daniel Durocher,1,1,Design of a Targeted Covalent Probe to Interrogate the DNA Polymerase Activity of Polθ (2026; OpenAlex citations=1; https://doi.org/10.1021/acsmedchemlett.5c00643),2026,OpenAlex coauthorship metadata
Philippe Pasero,Alessandro Vindigni,1,0,Condensin and topoisomerases cooperate to relieve topological stress at stalled replication forks (2026; OpenAlex citations=0; https://doi.org/10.1038/s41467-026-72936-1),2026,OpenAlex coauthorship metadata
Katsuhiko Shirahige,Karim Labib,1,0,Eukaryotic Replisome Components Cooperate to Process Histones During Chromosome Replication (2025; OpenAlex citations=0; https://doi.org/10.1016/j.celrep.2025.116627),2025,OpenAlex coauthorship metadata
Luca Pellegrini,Karim Labib,1,0,Author Correction: A Ctf4 trimer couples the CMG helicase to DNA polymerase α in the eukaryotic replisome (2025; OpenAlex citations=0; https://doi.org/10.1038/s41586-025-09606-7),2025,OpenAlex coauthorship metadata
Luca Pellegrini,Alessandro Costa,1,0,Author Correction: A Ctf4 trimer couples the CMG helicase to DNA polymerase α in the eukaryotic replisome (2025; OpenAlex citations=0; https://doi.org/10.1038/s41586-025-09606-7),2025,OpenAlex coauthorship metadata
Karim Labib,Alessandro Costa,1,0,Author Correction: A Ctf4 trimer couples the CMG helicase to DNA polymerase α in the eukaryotic replisome (2025; OpenAlex citations=0; https://doi.org/10.1038/s41586-025-09606-7),2025,OpenAlex coauthorship metadata
Alberto Ciccia,Alessandro Vindigni,1,0,The replication stress response: Mechanisms and functions (2025; OpenAlex citations=0; https://doi.org/10.1016/j.dnarep.2025.103834),2025,OpenAlex coauthorship metadata
Xiaolan Zhao,Alessandro Vindigni,1,0,The SMC5/6 complex prevents genotoxicity upon APOBEC3A-mediated replication stress (2023; OpenAlex citations=0; https://doi.org/10.1101/2023.11.28.568952),2023,OpenAlex coauthorship metadata
Keith W. Caldecott,Roger A. Greenberg,1,0,Abstract P2-02-02: CHEMOTHERAPEUTIC TOPOISOMERASE 2 POISONS GENERATE TREX1 RESISTANT DNA FRAGMENTS THAT INDUCE A POTENT cGAS/STING RESPONSE (2025; OpenAlex citations=0; https://doi.org/10.1158/1557-3265.sabcs24-p2-02-02),2025,OpenAlex coauthorship metadata
