person,rank,ranking_status,career_impact_category,combined_impact_score_0_100,affiliation,city,country,continent,technique_expertise,replication_expertise_subfield,technique_details,replication_expertise_details,lab_website_url,google_scholar_url,openalex_author_id,author_source_url
John F. X. Diffley,1,ranked,established giant,96.8,The Francis Crick Institute,London,United Kingdom,Europe,Biochemistry & reconstitution; Structural biology & cryo-EM; Genetics & genome engineering,Initiation & origin licensing; Replisome architecture & dynamics,bulk biochemistry; cryo-EM; yeast genetics,eukaryotic initiation; origin firing; replisome reconstitution,https://www.crick.ac.uk/research/labs/john-diffley,https://scholar.google.com/citations?view_op=search_authors&hl=en&mauthors=John%20F.%20X.%20Diffley,A5029333589,https://openalex.org/A5029333589
Lee Zou,2,ranked,current leader,95.9,Massachusetts General Hospital / Harvard Medical School,Boston,United States,North America,Biochemistry & reconstitution; Cell biology & imaging; Genomics & sequencing,Replication stress & fork protection,cell biology; biochemistry; genomics,ATR checkpoint; replication stress; fork protection,https://www.massgeneral.org/,https://scholar.google.com/citations?view_op=search_authors&hl=en&mauthors=Lee%20Zou,A5026961383,https://openalex.org/A5026961383
David M. Gilbert,3,ranked,established giant,92.7,San Diego Biomedical Research Institute,San Diego,United States,North America,Cell biology & imaging; Genomics & sequencing,Initiation & origin licensing; Timing & genome organization,sequencing/genomics; cell biology; imaging,replication timing; nuclear organization; origins,https://ror.org/01qmkwf03,https://scholar.google.com/citations?view_op=search_authors&hl=en&mauthors=David%20M.%20Gilbert,A5020541064,https://openalex.org/A5020541064
Bruce Stillman,4,ranked,established giant,92.1,Cold Spring Harbor Laboratory,Cold Spring Harbor,United States,North America,Biochemistry & reconstitution; Cell biology & imaging; Genomics & sequencing,Initiation & origin licensing; Chromatin inheritance & cohesion,bulk biochemistry; cell biology; genomics,ORC; licensing; chromatin replication,https://ror.org/02qz8b764,https://scholar.google.com/citations?view_op=search_authors&hl=en&mauthors=Bruce%20Stillman,A5071437258,https://openalex.org/A5071437258
David Cortez,5,ranked,current leader,89.4,Vanderbilt University,Nashville,United States,North America,Cell biology & imaging; Genomics & sequencing; Proteomics & mass spectrometry,Replication stress & fork protection,cell biology; proteomics; genomics,replication stress; fork protection; ATR signaling,https://ror.org/02vm5rt34,https://scholar.google.com/citations?view_op=search_authors&hl=en&mauthors=David%20Cortez,A5100675679,https://openalex.org/A5100675679
Massimo Lopes,6,ranked,current leader,88.1,University of Zurich,Zurich,Switzerland,Europe,Cell biology & imaging; DNA fiber & electron microscopy,Replication stress & fork protection,electron microscopy; cell biology; DNA fiber assays,fork remodeling; replication stress; nascent DNA,https://ror.org/02crff812,https://scholar.google.com/citations?view_op=search_authors&hl=en&mauthors=Massimo%20Lopes,A5019206750,https://openalex.org/A5019206750
Andrés Aguilera,7,ranked,established giant,86.7,"CABIMER, University of Seville",Seville,Spain,Europe,Cell biology & imaging; Genomics & sequencing; Genetics & genome engineering,Transcription conflicts & R-loops,yeast genetics; genomics; cell biology,replication-transcription conflicts; R-loops; genome stability,https://www.cabimer.es/,https://scholar.google.com/citations?view_op=search_authors&hl=en&mauthors=Andr%C3%A9s%20Aguilera,A5043281613,https://openalex.org/A5043281613
Johannes C. Walter,8,ranked,current leader,86.4,Harvard Medical School,Boston,United States,North America,Biochemistry & reconstitution; Cell biology & imaging; Extracts & cell-free systems,"Replication stress & fork protection; Termination, restart & topology",Xenopus extracts; bulk biochemistry; cell biology,replication-coupled repair; fork protection; termination,https://hms.harvard.edu/,https://scholar.google.com/citations?view_op=search_authors&hl=en&mauthors=Johannes%20C.%20Walter,A5080203458,https://openalex.org/A5080203458
James M. Berger,9,ranked,established giant,85.7,Johns Hopkins University,Baltimore,United States,North America,Biochemistry & reconstitution; Structural biology & cryo-EM,"Replisome architecture & dynamics; Termination, restart & topology",cryo-EM; crystallography; bulk biochemistry,replicative helicases; initiators; topoisomerases,https://ror.org/00za53h95,https://scholar.google.com/citations?view_op=search_authors&hl=en&mauthors=James%20M.%20Berger,A5039868655,https://openalex.org/A5039868655
Michael O'Donnell,10,ranked,established giant,85.0,The Rockefeller University / HHMI,New York,United States,North America,Biochemistry & reconstitution; Structural biology & cryo-EM; Single-molecule & biophysics,"Replisome architecture & dynamics; Polymerases, fidelity & mutagenesis",bulk biochemistry; structural biology; single-molecule,replisome; sliding clamps; DNA polymerases,https://www.rockefeller.edu/,https://scholar.google.com/citations?view_op=search_authors&hl=en&mauthors=Michael%20O%27Donnell,A5051770888,https://openalex.org/A5051770888
Philippe Pasero,11,ranked,current leader,80.4,"Institute of Human Genetics, CNRS / University of Montpellier",Montpellier,France,Europe,Cell biology & imaging; Genetics & genome engineering; DNA fiber & electron microscopy,Replication stress & fork protection; Transcription conflicts & R-loops,DNA fiber assays; cell biology; yeast genetics,replication stress; fork protection; R-loops,https://igh.cnrs.fr/,https://scholar.google.com/citations?view_op=search_authors&hl=en&mauthors=Philippe%20Pasero,A5020478312,https://openalex.org/A5020478312
Thanos D. Halazonetis,12,ranked,established giant,80.0,University of Geneva,Geneva,Switzerland,Europe,Cell biology & imaging; Genomics & sequencing,Replication stress & fork protection,cell biology; genomics; imaging,oncogene-induced replication stress; DNA damage response; cancer,https://ror.org/01swzsf04,https://scholar.google.com/citations?view_op=search_authors&hl=en&mauthors=Thanos%20D.%20Halazonetis,A5019478811,https://openalex.org/A5019478811
Ian D. Hickson,13,ranked,established giant,79.3,University of Copenhagen,Copenhagen,Denmark,Europe,Biochemistry & reconstitution; Single-molecule & biophysics; Cell biology & imaging,Replisome architecture & dynamics; Replication stress & fork protection,bulk biochemistry; cell biology; single-molecule,helicases; replication stress; genome stability,https://www.ku.dk/,https://scholar.google.com/citations?view_op=search_authors&hl=en&mauthors=Ian%20D.%20Hickson,A5085921889,https://openalex.org/A5085921889
Karim Labib,14,ranked,current leader,77.5,University of Dundee,Dundee,United Kingdom,Europe,Biochemistry & reconstitution; Genetics & genome engineering; Proteomics & mass spectrometry,"Replisome architecture & dynamics; Termination, restart & topology",yeast genetics; bulk biochemistry; proteomics,CMG; replisome; termination; protein degradation,https://ror.org/03h2bxq36,https://scholar.google.com/citations?view_op=search_authors&hl=en&mauthors=Karim%20Labib,A5073735040,https://openalex.org/A5073735040
Zhiguo Zhang,15,ranked,current leader,75.9,Columbia University,New York,United States,North America,Cell biology & imaging; Genomics & sequencing; Proteomics & mass spectrometry,Chromatin inheritance & cohesion,cell biology; genomics; proteomics,epigenetic inheritance; histone recycling; DNA replication,https://www.columbia.edu/,https://scholar.google.com/citations?view_op=search_authors&hl=en&mauthors=Zhiguo%20Zhang,A5100363356,https://openalex.org/A5100363356
Anja Groth,16,ranked,current leader,74.4,"BRIC, University of Copenhagen",Copenhagen,Denmark,Europe,Cell biology & imaging; Genomics & sequencing; Proteomics & mass spectrometry,Chromatin inheritance & cohesion,cell biology; sequencing/genomics; proteomics,chromatin inheritance; histone recycling; fork biology,https://www.bric.ku.dk/,https://scholar.google.com/citations?view_op=search_authors&hl=en&mauthors=Anja%20Groth,A5076432360,https://openalex.org/A5076432360
Simon J. Boulton,17,ranked,established giant,73.2,The Francis Crick Institute,London,United Kingdom,Europe,Cell biology & imaging; Genetics & genome engineering; Proteomics & mass spectrometry,Replication stress & fork protection; DNA repair & damage tolerance,genetics; cell biology; proteomics,DNA repair; replication stress; genome stability,https://www.crick.ac.uk/research/labs/simon-boulton,https://scholar.google.com/citations?view_op=search_authors&hl=en&mauthors=Simon%20J.%20Boulton,A5091323966,https://openalex.org/A5091323966
James E. Haber,18,ranked,established giant,72.5,Brandeis University,Waltham,United States,North America,Cell biology & imaging; Genomics & sequencing; Genetics & genome engineering,"DNA repair & damage tolerance; Termination, restart & topology",yeast genetics; genomics; cell biology,DNA double-strand break repair; replication repair; homologous recombination,https://www.brandeis.edu/,https://scholar.google.com/citations?view_op=search_authors&hl=en&mauthors=James%20E.%20Haber,A5048113506,https://openalex.org/A5048113506
Alessandro Costa,19,ranked,rising/recent leader,71.5,The Francis Crick Institute,London,United Kingdom,Europe,Biochemistry & reconstitution; Structural biology & cryo-EM,Initiation & origin licensing,cryo-EM; structural biology; bulk biochemistry,CMG; initiation; origin unwinding,https://www.crick.ac.uk/research/labs/alessandro-costa,https://scholar.google.com/citations?view_op=search_authors&hl=en&mauthors=Alessandro%20Costa,A5082896494,https://openalex.org/A5082896494
Joseph T. P. Yeeles,20,ranked,rising/recent leader,70.9,MRC Laboratory of Molecular Biology,Cambridge,United Kingdom,Europe,Biochemistry & reconstitution; Structural biology & cryo-EM,"Initiation & origin licensing; Replisome architecture & dynamics; Termination, restart & topology",bulk biochemistry; replisome reconstitution; cryo-EM,replisome; initiation; termination,https://www2.mrc-lmb.cam.ac.uk/group-leaders/t-to-z/joseph-yeeles/,https://scholar.google.com/citations?view_op=search_authors&hl=en&mauthors=Joseph%20T.%20P.%20Yeeles,A5089523004,https://openalex.org/A5089523004
Steve P. Jackson,21,ranked,established giant,70.8,University of Cambridge,Cambridge,United Kingdom,Europe,Cell biology & imaging; Genomics & sequencing; Proteomics & mass spectrometry,Replication stress & fork protection,cell biology; proteomics; functional genomics,DNA damage response; replication stress; genome stability,https://www.cam.ac.uk/,https://scholar.google.com/citations?view_op=search_authors&hl=en&mauthors=Steve%20P.%20Jackson,A5061795154,https://openalex.org/A5061795154
Marco Foiani,22,ranked,established giant,69.1,"IFOM, the FIRC Institute of Molecular Oncology",Milan,Italy,Europe,Cell biology & imaging; Genomics & sequencing; Genetics & genome engineering,Replication stress & fork protection,yeast genetics; cell biology; genomics,replication stress; checkpoint; genome stability,https://www.ifom.eu/,https://scholar.google.com/citations?view_op=search_authors&hl=en&mauthors=Marco%20Foiani,A5035404530,https://openalex.org/A5035404530
Dana Branzei,23,ranked,current leader,69.0,"IFOM, the FIRC Institute of Molecular Oncology",Milan,Italy,Europe,Biochemistry & reconstitution; Cell biology & imaging; Genetics & genome engineering,"Termination, restart & topology",yeast genetics; cell biology; biochemistry,template switching; sister chromatid junctions; fork repair,https://www.ifom.eu/,https://scholar.google.com/citations?view_op=search_authors&hl=en&mauthors=Dana%20Branzei,A5040416077,https://openalex.org/A5040416077
Marc S. Wold,24,ranked,established giant,68.8,University of Iowa,Iowa City,United States,North America,Biochemistry & reconstitution; Structural biology & cryo-EM; Cell biology & imaging,Replication stress & fork protection; DNA repair & damage tolerance,bulk biochemistry; structural biology; cell biology,RPA; replication stress; DNA repair,https://ror.org/036jqmy94,https://scholar.google.com/citations?view_op=search_authors&hl=en&mauthors=Marc%20S.%20Wold,A5107498994,https://openalex.org/A5107498994
Peter M. Burgers,25,ranked,established giant,68.3,Washington University in St. Louis,St Louis,United States,North America,Biochemistry & reconstitution; Genetics & genome engineering,"Polymerases, fidelity & mutagenesis",bulk biochemistry; yeast genetics,DNA polymerases; PCNA; Okazaki fragments,https://ror.org/01yc7t268,https://scholar.google.com/citations?view_op=search_authors&hl=en&mauthors=Peter%20M.%20Burgers,A5071638186,https://openalex.org/A5071638186
Grant W. Brown,26,ranked,current leader,67.5,University of Toronto,Toronto,Canada,North America,Cell biology & imaging; Genomics & sequencing; Genetics & genome engineering,Replication stress & fork protection,yeast genetics; functional genomics; cell biology,replication stress; genome instability; checkpoint,https://ror.org/03dbr7087,https://scholar.google.com/citations?view_op=search_authors&hl=en&mauthors=Grant%20W.%20Brown,A5069152548,https://openalex.org/A5069152548
Stephen P. Bell,27,ranked,established giant,66.4,Massachusetts Institute of Technology / HHMI,Cambridge,United States,North America,Biochemistry & reconstitution; Structural biology & cryo-EM; Genetics & genome engineering,Initiation & origin licensing,bulk biochemistry; cryo-EM; yeast genetics,origin licensing; MCM loading; initiation,https://bell-lab.mit.edu/,https://scholar.google.com/citations?view_op=search_authors&hl=en&mauthors=Stephen%20P.%20Bell,A5023161002,https://openalex.org/A5023161002
Alessandro Vindigni,28,ranked,current leader,65.8,Washington University School of Medicine,St Louis,United States,North America,Cell biology & imaging; DNA fiber & electron microscopy,Replication stress & fork protection,DNA fiber assays; electron microscopy; cell biology,fork remodeling; replication stress; fork protection,https://medicine.wustl.edu/,https://scholar.google.com/citations?view_op=search_authors&hl=en&mauthors=Alessandro%20Vindigni,A5102904208,https://openalex.org/A5102904208
Antoine M. van Oijen,29,ranked,current leader,65.4,University of Wollongong,Wollongong,Australia,Oceania,Single-molecule & biophysics; Cell biology & imaging,"Replisome architecture & dynamics; Termination, restart & topology",single-molecule; fluorescence imaging; microfluidics,replisome dynamics; replication restart; bacterial/eukaryotic replication,https://www.uow.edu.au/,https://scholar.google.com/citations?view_op=search_authors&hl=en&mauthors=Antoine%20M.%20van%20Oijen,A5075591359,https://openalex.org/A5075591359
Claus Storgaard Sørensen,30,ranked,current leader,65.0,University of Copenhagen,Copenhagen,Denmark,Europe,Cell biology & imaging; Proteomics & mass spectrometry; DNA fiber & electron microscopy,Replication stress & fork protection,cell biology; DNA fiber assays; proteomics,replication stress; fork protection; checkpoint,https://www.ku.dk/,https://scholar.google.com/citations?view_op=search_authors&hl=en&mauthors=Claus%20Storgaard%20S%C3%B8rensen,A5031321141,https://openalex.org/A5031321141
Katsuhiko Shirahige,31,ranked,current leader,64.5,University of Tokyo,Tokyo,Japan,Asia,Cell biology & imaging; Genomics & sequencing,Timing & genome organization; Chromatin inheritance & cohesion,sequencing/genomics; chromosome conformation; cell biology,cohesion; replication; genome organization,https://www.u-tokyo.ac.jp/,https://scholar.google.com/citations?view_op=search_authors&hl=en&mauthors=Katsuhiko%20Shirahige,A5065556470,https://openalex.org/A5065556470
Juan Mendez,32,ranked,current leader,63.0,Spanish National Cancer Research Centre,Madrid,Spain,Europe,Cell biology & imaging; Proteomics & mass spectrometry; DNA fiber & electron microscopy,Initiation & origin licensing; Replisome architecture & dynamics; Replication stress & fork protection,cell biology; DNA fiber assays; proteomics,licensing; replisome; replication stress,https://ror.org/00bvhmc43,https://scholar.google.com/citations?view_op=search_authors&hl=en&mauthors=Juan%20Mendez,A5046187780,https://openalex.org/A5046187780
Kenneth J. Marians,33,ranked,established giant,62.0,Memorial Sloan Kettering Cancer Center,New York,United States,North America,Biochemistry & reconstitution,"Replisome architecture & dynamics; Termination, restart & topology",bulk biochemistry; replisome reconstitution,bacterial replication; fork restart; helicases,https://ror.org/02yrq0923,https://scholar.google.com/citations?view_op=search_authors&hl=en&mauthors=Kenneth%20J.%20Marians,A5068066930,https://openalex.org/A5068066930
Julian J. Blow,34,ranked,established giant,61.7,University of East Anglia,Norwich,United Kingdom,Europe,Biochemistry & reconstitution; Cell biology & imaging; Extracts & cell-free systems,Initiation & origin licensing; Replication stress & fork protection,Xenopus extracts; cell biology; bulk biochemistry,licensing; dormant origins; replication stress,https://ror.org/026k5mg93,https://scholar.google.com/citations?view_op=search_authors&hl=en&mauthors=Julian%20J.%20Blow,A5017566265,https://openalex.org/A5017566265
Huilin Li,35,ranked,current leader,61.1,Van Andel Institute,Grand Rapids,United States,North America,Biochemistry & reconstitution; Structural biology & cryo-EM,Initiation & origin licensing; Replisome architecture & dynamics,cryo-EM; structural biology; biochemistry,replisome structure; helicases; origin licensing,https://www.vai.org/,https://scholar.google.com/citations?view_op=search_authors&hl=en&mauthors=Huilin%20Li,A5100330148,https://openalex.org/A5100330148
Samir M. Hamdan,36,ranked,current leader,60.4,King Abdullah University of Science and Technology (KAUST),Thuwal,Saudi Arabia,Asia,Biochemistry & reconstitution; Single-molecule & biophysics; Cell biology & imaging,Replisome architecture & dynamics,single-molecule; fluorescence imaging; bulk biochemistry,replisome dynamics; helicases; replication-coupled repair,https://www.kaust.edu.sa/,https://scholar.google.com/citations?view_op=search_authors&hl=en&mauthors=Samir%20M.%20Hamdan,A5073290089,https://openalex.org/A5073290089
Keith W. Caldecott,37,ranked,established giant,60.0,University of Sussex,Brighton,United Kingdom,Europe,Biochemistry & reconstitution; Cell biology & imaging; Genetics & genome engineering,DNA repair & damage tolerance,cell biology; biochemistry; genetics,DNA repair; replication-associated breaks; genome stability,https://www.sussex.ac.uk/,https://scholar.google.com/citations?view_op=search_authors&hl=en&mauthors=Keith%20W.%20Caldecott,A5058322347,https://openalex.org/A5058322347
Niels Mailand,38,ranked,current leader,59.5,"Novo Nordisk Foundation Center for Protein Research, University of Copenhagen",Copenhagen,Denmark,Europe,Cell biology & imaging; Genomics & sequencing; Proteomics & mass spectrometry,Replication stress & fork protection; DNA repair & damage tolerance,cell biology; proteomics; functional genomics,replication stress; DNA repair; fork protection,https://www.cpr.ku.dk/,https://scholar.google.com/citations?view_op=search_authors&hl=en&mauthors=Niels%20Mailand,A5063679562,https://openalex.org/A5063679562
Hideo Masai,39,ranked,established giant,59.3,Tokyo Metropolitan Institute of Medical Science,Tokyo,Japan,Asia,Biochemistry & reconstitution; Cell biology & imaging; Genomics & sequencing,Initiation & origin licensing; Timing & genome organization,bulk biochemistry; cell biology; genomics,DDK/Cdc7; initiation; replication timing,https://www.igakuken.or.jp/english/,https://scholar.google.com/citations?view_op=search_authors&hl=en&mauthors=Hideo%20Masai,A5082081122,https://openalex.org/A5082081122
Nicholas Rhind,40,ranked,current leader,58.3,University of Massachusetts Chan Medical School,Worcester,United States,North America,Genomics & sequencing; Genetics & genome engineering; Computational & systems biology,Initiation & origin licensing; Replication stress & fork protection; Timing & genome organization,sequencing/genomics; yeast genetics; computational biology,replication timing; origins; checkpoint,https://ror.org/0464eyp60,https://scholar.google.com/citations?view_op=search_authors&hl=en&mauthors=Nicholas%20Rhind,A5004708181,https://openalex.org/A5004708181
Maria Spies,41,ranked,current leader,57.9,University of Iowa,Iowa City,United States,North America,Biochemistry & reconstitution; Structural biology & cryo-EM; Single-molecule & biophysics,"Replisome architecture & dynamics; DNA repair & damage tolerance; Termination, restart & topology",single-molecule; biochemistry; structural biology,helicases; fork repair; DNA damage tolerance,https://ror.org/036jqmy94,https://scholar.google.com/citations?view_op=search_authors&hl=en&mauthors=Maria%20Spies,A5048385334,https://openalex.org/A5048385334
Stephen J. Elledge,42,ranked,established giant,57.2,Harvard Medical School / HHMI,Boston,United States,North America,Cell biology & imaging; Genomics & sequencing; Proteomics & mass spectrometry,Replication stress & fork protection,functional genomics; cell biology; proteomics,DNA damage response; replication stress; checkpoint,https://hms.harvard.edu/,https://scholar.google.com/citations?view_op=search_authors&hl=en&mauthors=Stephen%20J.%20Elledge,A5025914907,https://openalex.org/A5025914907
Sarah A. E. Lambert,43,ranked,current leader,54.6,Institut Curie Research Center,Orsay,France,Europe,Cell biology & imaging; Genomics & sequencing; Genetics & genome engineering,"Replication stress & fork protection; Termination, restart & topology; Telomeres & difficult templates",yeast genetics; genomics; cell biology,replication stress; fork restart; difficult-to-replicate DNA,https://institut-curie.org/,https://scholar.google.com/citations?view_op=search_authors&hl=en&mauthors=Sarah%20A.%20E.%20Lambert,A5005900340,https://openalex.org/A5005900340
Graham C. Walker,44,ranked,established giant,53.4,Massachusetts Institute of Technology,Cambridge,United States,North America,Biochemistry & reconstitution; Structural biology & cryo-EM; Genetics & genome engineering,"DNA repair & damage tolerance; Polymerases, fidelity & mutagenesis",bacterial genetics; biochemistry; structural biology,translesion synthesis; DNA damage tolerance; bacterial replication,https://biology.mit.edu/,https://scholar.google.com/citations?view_op=search_authors&hl=en&mauthors=Graham%20C.%20Walker,A5112719442,https://openalex.org/A5112719442
Wojciech Niedzwiedz,45,ranked,current leader,53.2,University of Oxford,Oxford,United Kingdom,Europe,Cell biology & imaging; Proteomics & mass spectrometry; DNA fiber & electron microscopy,Replication stress & fork protection; DNA repair & damage tolerance,cell biology; proteomics; DNA fiber assays,fork protection; Fanconi anemia; replication stress,https://www.ox.ac.uk/,https://scholar.google.com/citations?view_op=search_authors&hl=en&mauthors=Wojciech%20Niedzwiedz,A5007992721,https://openalex.org/A5007992721
Agnieszka Gambus,46,ranked,rising/recent leader,53.1,University of Birmingham,Birmingham,United Kingdom,Europe,Biochemistry & reconstitution; Cell biology & imaging; Proteomics & mass spectrometry,"Replisome architecture & dynamics; Replication stress & fork protection; Termination, restart & topology",proteomics; cell biology; biochemistry,human replisome; termination; fork protection,https://www.birmingham.ac.uk/,https://scholar.google.com/citations?view_op=search_authors&hl=en&mauthors=Agnieszka%20Gambus,A5063537122,https://openalex.org/A5063537122
Houra Merrikh,47,ranked,current leader,52.4,Vanderbilt University,Nashville,United States,North America,Cell biology & imaging; Genomics & sequencing; Genetics & genome engineering,Transcription conflicts & R-loops,bacterial genetics; genomics; cell biology,replication-transcription conflicts; bacterial replication; genome evolution,https://www.vanderbilt.edu/,https://scholar.google.com/citations?view_op=search_authors&hl=en&mauthors=Houra%20Merrikh,A5035459459,https://openalex.org/A5035459459
Xiaolan Zhao,48,ranked,current leader,52.0,Memorial Sloan Kettering Cancer Center,New York,United States,North America,Biochemistry & reconstitution; Genetics & genome engineering; Proteomics & mass spectrometry,Replication stress & fork protection; DNA repair & damage tolerance,yeast genetics; biochemistry; proteomics,SUMO; replication stress; genome stability,https://www.mskcc.org/,https://scholar.google.com/citations?view_op=search_authors&hl=en&mauthors=Xiaolan%20Zhao,A5033457775,https://openalex.org/A5033457775
Titia de Lange,49,ranked,established giant,51.0,The Rockefeller University,New York,United States,North America,Cell biology & imaging; Genetics & genome engineering,Replication stress & fork protection; Telomeres & difficult templates,cell biology; mouse genetics; imaging,telomere replication; fork protection; chromosome ends,https://www.rockefeller.edu/,https://scholar.google.com/citations?view_op=search_authors&hl=en&mauthors=Titia%20de%20Lange,A5065113600,https://openalex.org/A5065113600
Stephen C. Kowalczykowski,50,ranked,established giant,49.9,"University of California, Davis",Davis,United States,North America,Biochemistry & reconstitution; Single-molecule & biophysics; Cell biology & imaging,"Replisome architecture & dynamics; DNA repair & damage tolerance; Termination, restart & topology",single-molecule; bulk biochemistry; fluorescence imaging,homologous recombination; fork repair; helicases,https://www.ucdavis.edu/,https://scholar.google.com/citations?view_op=search_authors&hl=en&mauthors=Stephen%20C.%20Kowalczykowski,A5032365839,https://openalex.org/A5032365839
Xingzhi Xu,51,ranked,current leader,49.4,Shenzhen University Health Science Center,Shenzhen,China,Asia,Cell biology & imaging; Genomics & sequencing; Proteomics & mass spectrometry,Replication stress & fork protection,cell biology; proteomics; functional genomics,replication stress; DNA damage signaling; genome stability,https://med.szu.edu.cn/,https://scholar.google.com/citations?view_op=search_authors&hl=en&mauthors=Xingzhi%20Xu,A5066312807,https://openalex.org/A5066312807
Alberto Ciccia,52,ranked,current leader,48.1,Columbia University,New York,United States,North America,Cell biology & imaging; Genomics & sequencing; Proteomics & mass spectrometry,Replication stress & fork protection; DNA repair & damage tolerance,functional genomics; cell biology; proteomics,replication stress; DNA repair; fork protection,https://www.columbia.edu/,https://scholar.google.com/citations?view_op=search_authors&hl=en&mauthors=Alberto%20Ciccia,A5024098581,https://openalex.org/A5024098581
Lorraine S. Symington,53,ranked,established giant,47.9,Columbia University,New York,United States,North America,Biochemistry & reconstitution; Genomics & sequencing; Genetics & genome engineering,"DNA repair & damage tolerance; Termination, restart & topology",yeast genetics; bulk biochemistry; genomics,homologous recombination; fork repair; DNA repair,https://www.columbia.edu/,https://scholar.google.com/citations?view_op=search_authors&hl=en&mauthors=Lorraine%20S.%20Symington,A5056679981,https://openalex.org/A5056679981
Angelos Constantinou,54,ranked,current leader,47.7,"Institute of Human Genetics, CNRS / University of Montpellier",Montpellier,France,Europe,Biochemistry & reconstitution; Cell biology & imaging; DNA fiber & electron microscopy,Replication stress & fork protection; DNA repair & damage tolerance,cell biology; bulk biochemistry; DNA fiber assays,fork protection; homologous recombination; replication stress,https://igh.cnrs.fr/,https://scholar.google.com/citations?view_op=search_authors&hl=en&mauthors=Angelos%20Constantinou,A5070804836,https://openalex.org/A5070804836
Marcus B. Smolka,55,ranked,current leader,47.6,Cornell University,Ithaca,United States,North America,Genetics & genome engineering; Proteomics & mass spectrometry,Replication stress & fork protection,proteomics; phosphoproteomics; yeast genetics,replication stress; checkpoint signaling; genome stability,https://ror.org/05bnh6r87,https://scholar.google.com/citations?view_op=search_authors&hl=en&mauthors=Marcus%20B.%20Smolka,A5025725461,https://openalex.org/A5025725461
Oscar Fernandez-Capetillo,56,ranked,current leader,47.0,Spanish National Cancer Research Centre (CNIO),Madrid,Spain,Europe,Cell biology & imaging; Genomics & sequencing; Genetics & genome engineering,Replication stress & fork protection,mouse genetics; cell biology; functional genomics,ATR; replication stress; cancer,https://www.cnio.es/,https://scholar.google.com/citations?view_op=search_authors&hl=en&mauthors=Oscar%20Fernandez-Capetillo,A5010644833,https://openalex.org/A5010644833
Domenico Maiorano,57,ranked,current leader,46.9,"Institute of Human Genetics, CNRS / University of Montpellier",Montpellier,France,Europe,Cell biology & imaging; Extracts & cell-free systems,Initiation & origin licensing; Replication stress & fork protection,cell biology; Xenopus extracts; mouse models,licensing; replication stress; development,https://igh.cnrs.fr/,https://scholar.google.com/citations?view_op=search_authors&hl=en&mauthors=Domenico%20Maiorano,A5017346800,https://openalex.org/A5017346800
Bik-Kwoon Tye,58,ranked,established giant,45.7,Hong Kong University of Science and Technology,Hong Kong,China,Asia,Biochemistry & reconstitution; Genomics & sequencing; Genetics & genome engineering,Initiation & origin licensing; Replisome architecture & dynamics; Chromatin inheritance & cohesion,yeast genetics; bulk biochemistry; genomics,MCM helicase; origin licensing; chromatin,https://hkust.edu.hk/,https://scholar.google.com/citations?view_op=search_authors&hl=en&mauthors=Bik-Kwoon%20Tye,A5055181732,https://openalex.org/A5055181732
Yuanliang Zhai,59,ranked,rising/recent leader,45.6,Hong Kong University of Science and Technology,Hong Kong,China,Asia,Biochemistry & reconstitution; Structural biology & cryo-EM,Initiation & origin licensing; Replisome architecture & dynamics,cryo-EM; structural biology; bulk biochemistry,MCM loading; origin licensing; replisome structure,https://hkust.edu.hk/,https://scholar.google.com/citations?view_op=search_authors&hl=en&mauthors=Yuanliang%20Zhai,A5088620790,https://openalex.org/A5088620790
Stephen C. West,60,ranked,established giant,45.3,The Francis Crick Institute,London,United Kingdom,Europe,Biochemistry & reconstitution; Structural biology & cryo-EM; Cell biology & imaging,"DNA repair & damage tolerance; Termination, restart & topology",bulk biochemistry; structural biology; cell biology,homologous recombination; fork repair; genome stability,https://www.crick.ac.uk/research/labs/stephen-west,https://scholar.google.com/citations?view_op=search_authors&hl=en&mauthors=Stephen%20C.%20West,A5054117046,https://openalex.org/A5054117046
Susan M. Gasser,61,ranked,established giant,42.9,University of Lausanne,Lausanne,Switzerland,Europe,Cell biology & imaging; Genomics & sequencing; Genetics & genome engineering,Replication stress & fork protection; Timing & genome organization; Chromatin inheritance & cohesion,yeast genetics; imaging; genomics,nuclear organization; replication stress; chromatin,https://ror.org/019whta54,https://scholar.google.com/citations?view_op=search_authors&hl=en&mauthors=Susan%20M.%20Gasser,A5082924650,https://openalex.org/A5082924650
Nynke H. Dekker,62,ranked,current leader,42.3,Delft University of Technology,Delft,Netherlands,Europe,Single-molecule & biophysics,"Replisome architecture & dynamics; Termination, restart & topology",single-molecule; magnetic tweezers; optical tweezers,replisome dynamics; helicases; topological stress,https://www.tudelft.nl/,https://scholar.google.com/citations?view_op=search_authors&hl=en&mauthors=Nynke%20H.%20Dekker,A5066937642,https://openalex.org/A5066937642
Christian Speck,63,ranked,current leader,41.7,Imperial College London,London,United Kingdom,Europe,Biochemistry & reconstitution; Structural biology & cryo-EM; Single-molecule & biophysics,Initiation & origin licensing,bulk biochemistry; cryo-EM; single-molecule,MCM loading; licensing; initiation,https://www.imperial.ac.uk/,https://scholar.google.com/citations?view_op=search_authors&hl=en&mauthors=Christian%20Speck,A5026134956,https://openalex.org/A5026134956
Karl E. Duderstadt,64,ranked,rising/recent leader,39.8,Max Planck Institute of Biochemistry,Martinsried,Germany,Europe,Biochemistry & reconstitution; Structural biology & cryo-EM; Single-molecule & biophysics,"Replisome architecture & dynamics; Polymerases, fidelity & mutagenesis",single-molecule; cryo-EM; bulk biochemistry,replisome dynamics; helicase-polymerase coupling,https://www.biochem.mpg.de/,https://scholar.google.com/citations?view_op=search_authors&hl=en&mauthors=Karl%20E.%20Duderstadt,A5036678986,https://openalex.org/A5036678986
Puck Knipscheer,65,ranked,current leader,39.8,Hubrecht Institute,Utrecht,Netherlands,Europe,Biochemistry & reconstitution; Cell biology & imaging; Extracts & cell-free systems,Replication stress & fork protection; DNA repair & damage tolerance,Xenopus extracts; bulk biochemistry; cell biology,replication-coupled repair; DNA-protein crosslinks; fork protection,https://www.hubrecht.eu/,https://scholar.google.com/citations?view_op=search_authors&hl=en&mauthors=Puck%20Knipscheer,A5081193364,https://openalex.org/A5081193364
Lorena S. Beese,66,ranked,established giant,39.6,Duke Medical Center,Durham,United States,North America,Biochemistry & reconstitution; Structural biology & cryo-EM,"Polymerases, fidelity & mutagenesis",crystallography; structural biology; biochemistry,DNA polymerases; fidelity; translesion synthesis,https://ror.org/03njmea73,https://scholar.google.com/citations?view_op=search_authors&hl=en&mauthors=Lorena%20S.%20Beese,A5064929293,https://openalex.org/A5064929293
Susan T. Lovett,67,ranked,established giant,39.1,Brandeis University,Waltham,United States,North America,Biochemistry & reconstitution; Genomics & sequencing; Genetics & genome engineering,"Termination, restart & topology; Polymerases, fidelity & mutagenesis",bacterial genetics; genomics; biochemistry,fork repair; replication restart; mutagenesis,https://www.brandeis.edu/,https://scholar.google.com/citations?view_op=search_authors&hl=en&mauthors=Susan%20T.%20Lovett,A5055450661,https://openalex.org/A5055450661
Rodney Rothstein,68,ranked,established giant,39.0,Columbia University Irving Medical Center,New York,United States,North America,Cell biology & imaging; Genomics & sequencing; Genetics & genome engineering,"DNA repair & damage tolerance; Termination, restart & topology",yeast genetics; imaging; genomics,homologous recombination; replication repair; genome stability,https://ror.org/01esghr10,https://scholar.google.com/citations?view_op=search_authors&hl=en&mauthors=Rodney%20Rothstein,A5028622476,https://openalex.org/A5028622476
Heath Murray,69,ranked,rising/recent leader,38.4,Newcastle University,Newcastle upon Tyne,United Kingdom,Europe,Cell biology & imaging; Genomics & sequencing; Genetics & genome engineering,Initiation & origin licensing; Replisome architecture & dynamics,bacterial genetics; cell biology; genomics,bacterial replication; origin regulation; replisome,https://www.ncl.ac.uk/,https://scholar.google.com/citations?view_op=search_authors&hl=en&mauthors=Heath%20Murray,A5062912249,https://openalex.org/A5062912249
Roger A. Greenberg,70,ranked,current leader,37.3,University of Pennsylvania,Philadelphia,United States,North America,Cell biology & imaging; Genomics & sequencing; Proteomics & mass spectrometry,Replication stress & fork protection; DNA repair & damage tolerance,cell biology; proteomics; functional genomics,DNA repair; replication stress; BRCA,https://www.upenn.edu/,https://scholar.google.com/citations?view_op=search_authors&hl=en&mauthors=Roger%20A.%20Greenberg,A5076392308,https://openalex.org/A5076392308
Etienne Schwob,71,ranked,current leader,37.1,"Institute of Molecular Genetics of Montpellier, CNRS / University of Montpellier",Montpellier,France,Europe,Cell biology & imaging; Genomics & sequencing; Genetics & genome engineering,Initiation & origin licensing; Timing & genome organization,yeast genetics; sequencing/genomics; cell biology,origin firing; replication timing; genome stability,https://www.igmm.cnrs.fr/,https://scholar.google.com/citations?view_op=search_authors&hl=en&mauthors=Etienne%20Schwob,A5057900408,https://openalex.org/A5057900408
Richard D. Kolodner,72,ranked,established giant,36.8,Ludwig Institute / University of California San Diego,La Jolla,United States,North America,Biochemistry & reconstitution; Genomics & sequencing; Genetics & genome engineering,"DNA repair & damage tolerance; Polymerases, fidelity & mutagenesis",genetics; genomics; bulk biochemistry,mismatch repair; genome instability; replication fidelity,https://www.ucsd.edu/,https://scholar.google.com/citations?view_op=search_authors&hl=en&mauthors=Richard%20D.%20Kolodner,A5081915207,https://openalex.org/A5081915207
Agnel Sfeir,73,ranked,current leader,36.4,Memorial Sloan Kettering Cancer Center,New York,United States,North America,Cell biology & imaging; Genomics & sequencing; Genetics & genome engineering,Replication stress & fork protection; Telomeres & difficult templates,cell biology; genomics; mouse genetics,telomere replication; genome stability; replication stress,https://www.mskcc.org/,https://scholar.google.com/citations?view_op=search_authors&hl=en&mauthors=Agnel%20Sfeir,A5053124609,https://openalex.org/A5053124609
Duncan J. Smith,74,ranked,rising/recent leader,35.3,New York University,New York,United States,North America,Genomics & sequencing; Genetics & genome engineering; Computational & systems biology,Transcription conflicts & R-loops,sequencing/genomics; yeast genetics; computational biology,replication-transcription conflicts; fork directionality,https://ror.org/0190ak572,https://scholar.google.com/citations?view_op=search_authors&hl=en&mauthors=Duncan%20J.%20Smith,A5025846831,https://openalex.org/A5025846831
Peter McGlynn,75,ranked,current leader,35.2,University of York,York,United Kingdom,Europe,Biochemistry & reconstitution; Single-molecule & biophysics; Genetics & genome engineering,"Transcription conflicts & R-loops; Termination, restart & topology",bulk biochemistry; bacterial genetics; single-molecule,bacterial replication; fork restart; replication-transcription conflicts,https://www.york.ac.uk/,https://scholar.google.com/citations?view_op=search_authors&hl=en&mauthors=Peter%20McGlynn,A5035913037,https://openalex.org/A5035913037
Maria Jasin,76,ranked,established giant,34.1,Memorial Sloan Kettering Cancer Center,New York,United States,North America,Cell biology & imaging; Genetics & genome engineering,"DNA repair & damage tolerance; Termination, restart & topology",cell biology; mouse genetics; genome engineering,homologous recombination; replication repair; genome stability,https://www.mskcc.org/,https://scholar.google.com/citations?view_op=search_authors&hl=en&mauthors=Maria%20Jasin,A5089227056,https://openalex.org/A5089227056
Conrad A. Nieduszynski,77,ranked,current leader,33.6,Earlham Institute,Norwich,United Kingdom,Europe,Genomics & sequencing; Genetics & genome engineering; Computational & systems biology,Initiation & origin licensing; Timing & genome organization,sequencing/genomics; computational biology; yeast genetics,replication origins; replication timing; genome evolution,https://www.earlham.ac.uk/,https://scholar.google.com/citations?view_op=search_authors&hl=en&mauthors=Conrad%20A.%20Nieduszynski,A5034889937,https://openalex.org/A5034889937
David Rueda,78,ranked,current leader,32.4,Imperial College London,London,United Kingdom,Europe,Biochemistry & reconstitution; Single-molecule & biophysics; Cell biology & imaging,Replisome architecture & dynamics; DNA repair & damage tolerance,single-molecule; fluorescence imaging; biochemistry,DNA repair; helicases; replication dynamics,https://www.imperial.ac.uk/,https://scholar.google.com/citations?view_op=search_authors&hl=en&mauthors=David%20Rueda,A5066163621,https://openalex.org/A5066163621
Tom Deegan,79,ranked,rising/recent leader,31.5,"Institute of Genetics and Cancer, University of Edinburgh",Edinburgh,United Kingdom,Europe,Biochemistry & reconstitution; Cell biology & imaging; Genetics & genome engineering,Replisome architecture & dynamics; Replication stress & fork protection; DNA repair & damage tolerance,bulk biochemistry; yeast genetics; cell biology,replisome; replication stress; DNA repair,https://institute-genetics-cancer.ed.ac.uk/,https://scholar.google.com/citations?view_op=search_authors&hl=en&mauthors=Tom%20Deegan,A5079736311,https://openalex.org/A5079736311
Luca Pellegrini,80,ranked,current leader,31.3,University of Cambridge,Cambridge,United Kingdom,Europe,Biochemistry & reconstitution; Structural biology & cryo-EM,Replisome architecture & dynamics; Replication stress & fork protection,crystallography; cryo-EM; bulk biochemistry,replisome structure; Pol alpha-primase; fork protection,https://ror.org/013meh722,https://scholar.google.com/citations?view_op=search_authors&hl=en&mauthors=Luca%20Pellegrini,A5069207835,https://openalex.org/A5069207835
Sue Jinks-Robertson,81,ranked,established giant,30.9,Duke University,Durham,United States,North America,Genomics & sequencing; Genetics & genome engineering,"Transcription conflicts & R-loops; Polymerases, fidelity & mutagenesis",yeast genetics; genomics; molecular genetics,replication-transcription conflicts; mutagenesis; genome stability,https://www.duke.edu/,https://scholar.google.com/citations?view_op=search_authors&hl=en&mauthors=Sue%20Jinks-Robertson,A5006009524,https://openalex.org/A5006009524
Eric C. Greene,82,ranked,current leader,29.0,Columbia University Irving Medical Center,New York,United States,North America,Single-molecule & biophysics; Cell biology & imaging,DNA repair & damage tolerance,single-molecule; DNA curtains; fluorescence imaging,protein-DNA interactions; homologous recombination; replication conflicts,https://ror.org/01esghr10,https://scholar.google.com/citations?view_op=search_authors&hl=en&mauthors=Eric%20C.%20Greene,A5041677019,https://openalex.org/A5041677019
Marco Muzi-Falconi,83,ranked,current leader,28.9,University of Milan,Milan,Italy,Europe,Biochemistry & reconstitution; Cell biology & imaging; Genetics & genome engineering,Replication stress & fork protection; DNA repair & damage tolerance,yeast genetics; cell biology; biochemistry,replication stress; checkpoint; DNA repair,https://www.unimi.it/,https://scholar.google.com/citations?view_op=search_authors&hl=en&mauthors=Marco%20Muzi-Falconi,A5079441394,https://openalex.org/A5079441394
Tatsuro S. Takahashi,84,ranked,current leader,28.1,Kyushu University,Fukuoka,Japan,Asia,Biochemistry & reconstitution; Cell biology & imaging; Extracts & cell-free systems,Initiation & origin licensing; Timing & genome organization,cell biology; Xenopus extracts; biochemistry,origin licensing; initiation; replication timing,https://www.kyushu-u.ac.jp/en/,https://scholar.google.com/citations?view_op=search_authors&hl=en&mauthors=Tatsuro%20S.%20Takahashi,A5043664303,https://openalex.org/A5043664303
Matthew C. Whitby,85,ranked,current leader,27.9,University of Oxford,Oxford,United Kingdom,Europe,Biochemistry & reconstitution; Cell biology & imaging; Genetics & genome engineering,"Replication stress & fork protection; DNA repair & damage tolerance; Termination, restart & topology",yeast genetics; bulk biochemistry; cell biology,fork restart; homologous recombination; replication stress,https://www.ox.ac.uk/,https://scholar.google.com/citations?view_op=search_authors&hl=en&mauthors=Matthew%20C.%20Whitby,A5069254757,https://openalex.org/A5069254757
Akira Shinohara,86,ranked,established giant,27.5,Osaka University,Osaka,Japan,Asia,Biochemistry & reconstitution; Cell biology & imaging; Genetics & genome engineering,"DNA repair & damage tolerance; Termination, restart & topology",genetics; cell biology; biochemistry,homologous recombination; fork repair; genome stability,https://www.osaka-u.ac.jp/en,https://scholar.google.com/citations?view_op=search_authors&hl=en&mauthors=Akira%20Shinohara,A5114375350,https://openalex.org/A5114375350
Daniel Durocher,87,ranked,current leader,25.7,Lunenfeld-Tanenbaum Research Institute,Toronto,Canada,North America,Cell biology & imaging; Genomics & sequencing; Proteomics & mass spectrometry,Replication stress & fork protection; DNA repair & damage tolerance,cell biology; functional genomics; proteomics,DNA repair; replication stress; genome stability,https://www.lunenfeld.ca/,https://scholar.google.com/citations?view_op=search_authors&hl=en&mauthors=Daniel%20Durocher,A5064296240,https://openalex.org/A5064296240
Hasan Yardimci,88,ranked,rising/recent leader,24.6,The Francis Crick Institute,London,United Kingdom,Europe,Single-molecule & biophysics; Cell biology & imaging; Extracts & cell-free systems,DNA repair & damage tolerance; Telomeres & difficult templates,single-molecule; Xenopus extracts; imaging,replication barriers; fork collisions; DNA-protein crosslinks,https://www.crick.ac.uk/,https://scholar.google.com/citations?view_op=search_authors&hl=en&mauthors=Hasan%20Yardimci,A5044275356,https://openalex.org/A5044275356
Thomas D. Petes,89,ranked,established giant,23.0,Duke University,Durham,United States,North America,Genomics & sequencing; Genetics & genome engineering,DNA repair & damage tolerance,yeast genetics; genomics; molecular genetics,replication-associated recombination; genome instability; DNA repair,https://www.duke.edu/,https://scholar.google.com/citations?view_op=search_authors&hl=en&mauthors=Thomas%20D.%20Petes,A5087254791,https://openalex.org/A5087254791
Shixin Liu,90,ranked,rising/recent leader,21.1,The Rockefeller University,New York,United States,North America,Biochemistry & reconstitution; Single-molecule & biophysics; Cell biology & imaging,Initiation & origin licensing; Replisome architecture & dynamics,single-molecule; fluorescence imaging; biochemistry,replication initiation; helicases; replisome dynamics,https://www.rockefeller.edu/,https://scholar.google.com/citations?view_op=search_authors&hl=en&mauthors=Shixin%20Liu,A5017517029,https://openalex.org/A5017517029
Christoph F. Kurat,91,ranked,rising/recent leader,21.0,University of Bayreuth,Bayreuth,Germany,Europe,Cell biology & imaging; Genomics & sequencing; Genetics & genome engineering,Initiation & origin licensing; Chromatin inheritance & cohesion,yeast genetics; genomics; cell biology,chromatin replication; origin firing; genome stability,https://www.uni-bayreuth.de/,https://scholar.google.com/citations?view_op=search_authors&hl=en&mauthors=Christoph%20F.%20Kurat,A5022849727,https://openalex.org/A5022849727
Madalena Tarsounas,92,ranked,current leader,20.3,University of Oxford,Oxford,United Kingdom,Europe,Cell biology & imaging; DNA fiber & electron microscopy,Replication stress & fork protection; DNA repair & damage tolerance,cell biology; imaging; DNA fiber assays,homologous recombination; fork protection; BRCA,https://ror.org/052gg0110,https://scholar.google.com/citations?view_op=search_authors&hl=en&mauthors=Madalena%20Tarsounas,A5089197662,https://openalex.org/A5089197662
Andrew J. Deans,93,ranked,current leader,16.6,St Vincent's Institute of Medical Research,Melbourne,Australia,Oceania,Biochemistry & reconstitution; Cell biology & imaging; Genomics & sequencing,Replication stress & fork protection; DNA repair & damage tolerance,cell biology; functional genomics; biochemistry,Fanconi anemia; DNA crosslink repair; replication stress,https://www.svi.edu.au/,https://scholar.google.com/citations?view_op=search_authors&hl=en&mauthors=Andrew%20J.%20Deans,A5062411430,https://openalex.org/A5062411430
Hiroyuki Araki,94,ranked,established giant,14.0,National Institute of Genetics,Mishima,Japan,Asia,Biochemistry & reconstitution; Genetics & genome engineering,"Initiation & origin licensing; Replisome architecture & dynamics; Polymerases, fidelity & mutagenesis",yeast genetics; bulk biochemistry,replication initiation; polymerases; replisome assembly,https://www.nig.ac.jp/,https://scholar.google.com/citations?view_op=search_authors&hl=en&mauthors=Hiroyuki%20Araki,A5003596342,https://openalex.org/A5003596342
Uttam Surana,95,ranked,established giant,13.4,"Institute of Molecular and Cell Biology, A*STAR",Singapore,Singapore,Asia,Cell biology & imaging; Genomics & sequencing; Genetics & genome engineering,Initiation & origin licensing; Replication stress & fork protection; Timing & genome organization,yeast genetics; cell biology; genomics,cell-cycle control; replication initiation; checkpoint,https://www.a-star.edu.sg/imcb,https://scholar.google.com/citations?view_op=search_authors&hl=en&mauthors=Uttam%20Surana,A5035336152,https://openalex.org/A5035336152
Fumiko Esashi,96,ranked,current leader,10.4,University of Oxford,Oxford,United Kingdom,Europe,Biochemistry & reconstitution; Cell biology & imaging,Replication stress & fork protection; DNA repair & damage tolerance,cell biology; biochemistry; imaging,homologous recombination; fork protection; BRCA,https://www.ox.ac.uk/,https://scholar.google.com/citations?view_op=search_authors&hl=en&mauthors=Fumiko%20Esashi,A5003311334,https://openalex.org/A5003311334
Primo Schär,97,ranked,current leader,9.7,University of Basel,Basel,Switzerland,Europe,Biochemistry & reconstitution; Cell biology & imaging; Genetics & genome engineering,"DNA repair & damage tolerance; Polymerases, fidelity & mutagenesis",cell biology; genetics; biochemistry,DNA repair; replication fidelity; genome stability,https://www.unibas.ch/,https://scholar.google.com/citations?view_op=search_authors&hl=en&mauthors=Primo%20Sch%C3%A4r,A5008715067,https://openalex.org/A5008715067
Stephan Uphoff,98,ranked,rising/recent leader,9.3,University of Oxford,Oxford,United Kingdom,Europe,Single-molecule & biophysics; Cell biology & imaging; Genetics & genome engineering,"Replication stress & fork protection; Polymerases, fidelity & mutagenesis",single-molecule; fluorescence imaging; bacterial genetics,replication stress; mutagenesis; bacterial replication,https://www.ox.ac.uk/,https://scholar.google.com/citations?view_op=search_authors&hl=en&mauthors=Stephan%20Uphoff,A5044137887,https://openalex.org/A5044137887
Jessica A. Downs,99,ranked,current leader,6.1,The Institute of Cancer Research,London,United Kingdom,Europe,Cell biology & imaging; Genetics & genome engineering; Proteomics & mass spectrometry,Replication stress & fork protection; DNA repair & damage tolerance; Chromatin inheritance & cohesion,cell biology; yeast genetics; proteomics,chromatin; DNA repair; replication stress,https://www.icr.ac.uk/,https://scholar.google.com/citations?view_op=search_authors&hl=en&mauthors=Jessica%20A.%20Downs,A5007478113,https://openalex.org/A5007478113
Ian Grainge,100,ranked,current leader,3.8,University of Newcastle,Newcastle,Australia,Oceania,Biochemistry & reconstitution; Single-molecule & biophysics; Genetics & genome engineering,"Termination, restart & topology",single-molecule; bacterial genetics; biochemistry,fork restart; replication termination; bacterial replication,https://www.newcastle.edu.au/,https://scholar.google.com/citations?view_op=search_authors&hl=en&mauthors=Ian%20Grainge,A5017400423,https://openalex.org/A5017400423
Jacob S. Lewis,,additional/unranked,additional requested researcher,,University of Wollongong,Wollongong,Australia,Oceania,Biochemistry & reconstitution; Single-molecule & biophysics; Cell biology & imaging,"Replisome architecture & dynamics; Polymerases, fidelity & mutagenesis",single-molecule; fluorescence imaging; bulk biochemistry,replisome dynamics; polymerase exchange,https://ror.org/00jtmb277,https://scholar.google.com/citations?view_op=search_authors&hl=en&mauthors=Jacob%20S.%20Lewis,A5073253236,https://openalex.org/A5073253236
Lisanne Spenkelink,,additional/unranked,additional requested researcher,,University of Wollongong,Wollongong,Australia,Oceania,Single-molecule & biophysics; Cell biology & imaging,Replisome architecture & dynamics,single-molecule; fluorescence imaging; microfluidics,replisome dynamics; replication kinetics,https://ror.org/00jtmb277,https://scholar.google.com/citations?view_op=search_authors&hl=en&mauthors=Lisanne%20Spenkelink,A5039468934,https://openalex.org/A5039468934
Thomas C. R. Miller,,additional/unranked,additional requested researcher,,University of Copenhagen / The Francis Crick Institute,Copenhagen,Denmark,Europe,Structural biology & cryo-EM; Computational & systems biology; DNA fiber & electron microscopy,Initiation & origin licensing; Replisome architecture & dynamics,cryo-EM; electron microscopy; computational structural biology,replisome structure; origin regulation; helicases,https://www.ku.dk/,https://scholar.google.com/citations?view_op=search_authors&hl=en&mauthors=Thomas%20C.%20R.%20Miller,A5035239553,https://openalex.org/A5035239553
