publication_date,title,status,venue,venue_type,network_researchers,senior_or_last_network_researchers,corresponding_network_researchers,doi,pmid,url,openalex_id,open_access_status,indexed_versions,related_statuses,related_openalex_records,openalex_citations,created_date,updated_date,source_note
2026-09-03,Linker Histone H1 Phosphorylation Promotes DNA Damage Repair during Replication Stress,Journal article,ACS Chemical Biology,journal,Shixin Liu,,,https://doi.org/10.1021/acschembio.6c00475,,https://doi.org/10.1021/acschembio.6c00475,https://openalex.org/W7207637455,,,Journal article,https://openalex.org/W7207637455,0,,,OpenAlex author-ID match; version/status inferred from OpenAlex work type and location versions
2026-09-02,Dataset for: A lethal ORC ATPase mutation is suppressed by alterations in ORC subunits and RNA Pol II transcription components,Dataset,Zenodo (CERN European Organization for Nuclear Research),repository,Stephen P. Bell,Stephen P. Bell,,https://doi.org/10.5281/zenodo.19625098,,https://doi.org/10.5281/zenodo.19625098,https://openalex.org/W7206175518,,,Dataset,https://openalex.org/W7206175518; https://openalex.org/W7206203713,0,,,"OpenAlex author-ID match; version/status inferred from OpenAlex work type and location versions; exact-title OpenAlex duplicates/version records collapsed, strongest current status retained"
2026-08-27,Response of the replisome to araA and araC suggests a mechanism for arabinosyl nucleoside tolerance,Journal article,The EMBO Journal,journal,Joseph T. P. Yeeles,,,https://doi.org/10.1038/s44318-026-00901-1,,https://doi.org/10.1038/s44318-026-00901-1,https://openalex.org/W7204240602,,,Journal article,https://openalex.org/W7204240602,0,,,OpenAlex author-ID match; version/status inferred from OpenAlex work type and location versions
2026-08-21,From mRNA 3′ processing to genome defense: the CPSF complex in transcription-replication conflict and cancer,Journal article,Genome Instability & Disease,journal,Xingzhi Xu,Xingzhi Xu,Xingzhi Xu,https://doi.org/10.1007/s42764-026-00186-y,,https://doi.org/10.1007/s42764-026-00186-y,https://openalex.org/W7203955420,,,Journal article,https://openalex.org/W7203955420,0,,,OpenAlex author-ID match; version/status inferred from OpenAlex work type and location versions
2026-08-17,Decoding single-cell replication states from imaging data reveals locus-specific subnuclear position dependencies of replication initiation,Preprint,bioRxiv (Cold Spring Harbor Laboratory),repository,David M. Gilbert,,,https://doi.org/10.64898/2026.08.12.744402,,https://doi.org/10.64898/2026.08.12.744402,https://openalex.org/W7203709264,,,Preprint,https://openalex.org/W7203709264,0,,,OpenAlex author-ID match; version/status inferred from OpenAlex work type and location versions
2026-08-15,Replication fork plasticity is a therapeutic vulnerability in acute myeloid leukemia,Preprint,bioRxiv (Cold Spring Harbor Laboratory),repository,Massimo Lopes,Massimo Lopes,Massimo Lopes,https://doi.org/10.64898/2026.08.13.744634,,https://doi.org/10.64898/2026.08.13.744634,https://openalex.org/W7203556727,,,Preprint,https://openalex.org/W7203556727,0,,,OpenAlex author-ID match; version/status inferred from OpenAlex work type and location versions
2026-08-15,Genome-wide mapping of helicase-generated ssDNA reveals Hrq1 activity at RNA polymerase III-transcribed genes,Preprint,bioRxiv (Cold Spring Harbor Laboratory),repository,Duncan J. Smith,Duncan J. Smith,Duncan J. Smith,https://doi.org/10.64898/2026.08.13.744683,,https://doi.org/10.64898/2026.08.13.744683,https://openalex.org/W7203554279,,,Preprint,https://openalex.org/W7203554279,0,,,OpenAlex author-ID match; version/status inferred from OpenAlex work type and location versions
2026-08-14,Structural insights into Sld3-Sld7-dependent Cdc45 loading during replication initiation,Journal article,Nature Communications,journal,Christian Speck,Christian Speck,Christian Speck,https://doi.org/10.1038/s41467-026-76309-6,,https://doi.org/10.1038/s41467-026-76309-6,https://openalex.org/W7203503863,,,Journal article,https://openalex.org/W7203503863,0,,,OpenAlex author-ID match; version/status inferred from OpenAlex work type and location versions
2026-08-11,Mechanism of K63-linked polyubiquitin recognition and cleavage by the BRCA1-A complex,Journal article,Nature Communications,journal,Roger A. Greenberg,,Roger A. Greenberg,https://doi.org/10.1038/s41467-026-75795-y,,https://doi.org/10.1038/s41467-026-75795-y,https://openalex.org/W7202214792,,,Journal article; Preprint,https://openalex.org/W7164009815; https://openalex.org/W7202214792,0,,,"OpenAlex author-ID match; version/status inferred from OpenAlex work type and location versions; exact-title OpenAlex duplicates/version records collapsed, strongest current status retained"
2026-08-10,Targeting epigenetic regulators induces transcription-replication conflicts to overcome ATR inhibitor resistance,Journal article,Nucleic Acids Research,journal,Steve P. Jackson,,,https://doi.org/10.1093/nar/gkag811,,https://doi.org/10.1093/nar/gkag811,https://openalex.org/W7203821608,,,Article; Journal article,https://openalex.org/W7170402527; https://openalex.org/W7203821608,0,,,"OpenAlex author-ID match; version/status inferred from OpenAlex work type and location versions; exact-title OpenAlex duplicates/version records collapsed, strongest current status retained"
2026-08-10,Suppression of transcription-replication conflicts by sequence-coordinated actions of TRDMT1 and MutLα,Journal article,Nature Communications,journal,Lee Zou,,Lee Zou,https://doi.org/10.1038/s41467-026-76137-8,,https://doi.org/10.1038/s41467-026-76137-8,https://openalex.org/W7202085776,,,Journal article,https://openalex.org/W7202085776,0,,,OpenAlex author-ID match; version/status inferred from OpenAlex work type and location versions
2026-08-10,"Maintenance of nucleosome organization through replication and transcription counteracts aberrant coalescence of active chromatin. Frater et al., 2026",Dataset,Mendeley Data,repository,Anja Groth,,,https://doi.org/10.17632/gfndg4dyyp,,https://doi.org/10.17632/gfndg4dyyp,https://openalex.org/W7154713739,,,Dataset,https://openalex.org/W7154713739; https://openalex.org/W7202141392,0,,,"OpenAlex author-ID match; version/status inferred from OpenAlex work type and location versions; exact-title OpenAlex duplicates/version records collapsed, strongest current status retained"
2026-08-07,Fanconi Anaemia E3 Ligase complex activity is regulated by a druggable metabolite binding site in FANCX,Preprint,bioRxiv (Cold Spring Harbor Laboratory),repository,Andrew J. Deans,,,https://doi.org/10.64898/2026.08.07.743451,,https://doi.org/10.64898/2026.08.07.743451,https://openalex.org/W7201855985,,,Preprint,https://openalex.org/W7201855985,0,,,OpenAlex author-ID match; version/status inferred from OpenAlex work type and location versions
2026-08-05,RTF2 and CLASPIN localize CHK1 to the replication fork to control S-phase progression,Journal article,Science Advances,journal,Johannes C. Walter,,,https://doi.org/10.1126/sciadv.aec3174,,https://doi.org/10.1126/sciadv.aec3174,https://openalex.org/W7172480894,,,Journal article,https://openalex.org/W7172480894,0,,,OpenAlex author-ID match; version/status inferred from OpenAlex work type and location versions
2026-08-01,Maintenance of nucleosome organization through replication and transcription counteracts aberrant coalescence of active chromatin,Journal article,Molecular Cell,journal,Anja Groth,Anja Groth,Anja Groth,https://doi.org/10.1016/j.molcel.2026.07.028,,https://doi.org/10.1016/j.molcel.2026.07.028,https://openalex.org/W7203632804,,,Journal article,https://openalex.org/W7203632804,0,,,OpenAlex author-ID match; version/status inferred from OpenAlex work type and location versions
2026-08-01,FANCJ and RTEL1 facilitate pre-replication complex disassembly following replisome collision,Journal article,Cell Reports,journal,Hasan Yardimci; Puck Knipscheer,Hasan Yardimci,Hasan Yardimci,https://doi.org/10.1016/j.celrep.2026.117860,,https://doi.org/10.1016/j.celrep.2026.117860,https://openalex.org/W7165904559,,,Dataset; Journal article,https://openalex.org/W7165904559; https://openalex.org/W7165947221,0,,,"OpenAlex author-ID match; version/status inferred from OpenAlex work type and location versions; exact-title OpenAlex duplicates/version records collapsed, strongest current status retained"
2026-07-23,Mechanisms of MCM2–7 helicase activation and initial DNA melting at near base-pair resolution,Journal article,Nature Communications,journal,Christian Speck,,Christian Speck,https://doi.org/10.1038/s41467-026-75695-1,,https://doi.org/10.1038/s41467-026-75695-1,https://openalex.org/W7170131576,,,Journal article,https://openalex.org/W7170131576,1,,,OpenAlex author-ID match; version/status inferred from OpenAlex work type and location versions
2026-07-23,Extra-haplotype rescue mosaicism mediates multi-lineage functional restoration in a monogenic condition,Preprint,Research Square,repository,Andrew J. Deans,,,https://doi.org/10.21203/rs.3.rs-10063641/v1,,https://doi.org/10.21203/rs.3.rs-10063641/v1,https://openalex.org/W7170133915,,,Preprint,https://openalex.org/W7170133915,0,,,OpenAlex author-ID match; version/status inferred from OpenAlex work type and location versions
2026-07-22,Structural basis of nick translation in human DNA replication,Preprint,bioRxiv (Cold Spring Harbor Laboratory),repository,Samir M. Hamdan,,,https://doi.org/10.64898/2026.07.22.739974,,https://doi.org/10.64898/2026.07.22.739974,https://openalex.org/W7170163419,,,Preprint,https://openalex.org/W7170163419,0,,,OpenAlex author-ID match; version/status inferred from OpenAlex work type and location versions
2026-07-22,Replication-coupled search positions MutH for strand incision in DNA mismatch repair,Preprint,bioRxiv (Cold Spring Harbor Laboratory),repository,Stephan Uphoff,Stephan Uphoff,Stephan Uphoff,https://doi.org/10.64898/2026.07.21.739762,,https://doi.org/10.64898/2026.07.21.739762,https://openalex.org/W7170068261,,,Preprint,https://openalex.org/W7170068261,0,,,OpenAlex author-ID match; version/status inferred from OpenAlex work type and location versions
2026-07-21,DNA Polymerase β Accelerates Cellular DNA Base Excision Repair by Suppressing Excessive PARP1 Engagement,Preprint,bioRxiv (Cold Spring Harbor Laboratory),repository,Keith W. Caldecott,Keith W. Caldecott,Keith W. Caldecott,https://doi.org/10.64898/2026.07.20.739154,,https://doi.org/10.64898/2026.07.20.739154,https://openalex.org/W7169876581,,,Preprint,https://openalex.org/W7169876581,0,,,OpenAlex author-ID match; version/status inferred from OpenAlex work type and location versions
2026-07-20,ORC binding to Heterochromatin Protein 1 through intrinsically disordered regions is required for heterochromatin structure and function,Preprint,bioRxiv (Cold Spring Harbor Laboratory),repository,James M. Berger,,,https://doi.org/10.64898/2026.07.17.738698,,https://doi.org/10.64898/2026.07.17.738698,https://openalex.org/W7169806972,,,Preprint,https://openalex.org/W7169806972,0,,,OpenAlex author-ID match; version/status inferred from OpenAlex work type and location versions
2026-07-17,DNA catenation is essential for Sister Chromatid Cohesion,Preprint,bioRxiv (Cold Spring Harbor Laboratory),repository,Katsuhiko Shirahige,,,https://doi.org/10.64898/2026.07.16.738924,,https://doi.org/10.64898/2026.07.16.738924,https://openalex.org/W7169582418,,,Preprint,https://openalex.org/W7169582418,0,,,OpenAlex author-ID match; version/status inferred from OpenAlex work type and location versions
2026-07-13,"The Pharmacologic Profile of ART6043, a First-in-Class Clinical DNA Polymerase Theta Polymerase Domain Inhibitor Potentiating PARP Inhibitor Efficacy",Journal article,Clinical Cancer Research,journal,Simon J. Boulton,,,https://doi.org/10.1158/1078-0432.ccr-26-0493,,https://doi.org/10.1158/1078-0432.ccr-26-0493,https://openalex.org/W7168173868,,,Journal article,https://openalex.org/W7168173868,0,,,OpenAlex author-ID match; version/status inferred from OpenAlex work type and location versions
2026-07-10,eLife Assessment: PCNA-Polκ-Polδ/USP18 axes stabilize replication fork and restart to reduce cisplatin cytotoxicity,Peer Review,Repository / venue not resolved,,Andrés Aguilera,,Andrés Aguilera,https://doi.org/10.7554/elife.112155.1.sa4,,https://doi.org/10.7554/elife.112155.1.sa4,https://openalex.org/W7167930190,,,Peer Review,https://openalex.org/W7167930190,0,,,OpenAlex author-ID match; version/status inferred from OpenAlex work type and location versions
2026-07-09,Inhibition of lagging strand replication by G-rich telomeric DNA and the shelterin subunit POT1,Journal article,The EMBO Journal,journal,Tom Deegan,,,https://doi.org/10.1038/s44318-026-00844-7,,https://doi.org/10.1038/s44318-026-00844-7,https://openalex.org/W4416347508,,,Article; Journal article,https://openalex.org/W4416347508; https://openalex.org/W7167812525,1,,,"OpenAlex author-ID match; version/status inferred from OpenAlex work type and location versions; exact-title OpenAlex duplicates/version records collapsed, strongest current status retained"
2026-07-08,Autosomal allelic inactivation at loci with variable replication timing and dosage sensitivity,Journal article,eLife,journal,David M. Gilbert,,,https://doi.org/10.7554/elife.109938.4,,https://doi.org/10.7554/elife.109938.4,https://openalex.org/W7167680843,,,Journal article; Preprint,https://openalex.org/W7133208120; https://openalex.org/W7167680843,0,,,"OpenAlex author-ID match; version/status inferred from OpenAlex work type and location versions; exact-title OpenAlex duplicates/version records collapsed, strongest current status retained"
2026-07-08,Author response: Autosomal allelic inactivation at loci with variable replication timing and dosage sensitivity,Peer Review,Repository / venue not resolved,,David M. Gilbert,,,https://doi.org/10.7554/elife.109938.4.sa2,,https://doi.org/10.7554/elife.109938.4.sa2,https://openalex.org/W7167719845,,,Peer Review,https://openalex.org/W7167719845,0,,,OpenAlex author-ID match; version/status inferred from OpenAlex work type and location versions
2026-07-04,The BRCA1-A complex restricts replication fork reversal-dependent DNA repair in ATM deficient cells,Journal article,Nature Communications,journal,Alessandro Vindigni; Roger A. Greenberg,Roger A. Greenberg,Roger A. Greenberg,https://doi.org/10.1038/s41467-026-75271-7,,https://doi.org/10.1038/s41467-026-75271-7,https://openalex.org/W7167353077,,,Journal article; Preprint,https://openalex.org/W7140042068; https://openalex.org/W7167353077,0,,,"OpenAlex author-ID match; version/status inferred from OpenAlex work type and location versions; exact-title OpenAlex duplicates/version records collapsed, strongest current status retained"
2026-07-02,TTF2 processes sites of incomplete DNA replication during mitosis via sister-chromatid exchanges,Journal article,Science,journal,Karim Labib,Karim Labib,Karim Labib,https://doi.org/10.1126/science.aeh2300,,https://doi.org/10.1126/science.aeh2300,https://openalex.org/W7167061906,,,Journal article,https://openalex.org/W7167061906,1,,,OpenAlex author-ID match; version/status inferred from OpenAlex work type and location versions
2026-07-02,A CDK1 phospho-switch reprograms TRAIP to unload replisomes in mitosis,Journal article,Science,journal,Johannes C. Walter,,,https://doi.org/10.1126/science.aeh1834,,https://doi.org/10.1126/science.aeh1834,https://openalex.org/W7167098178,,,Journal article,https://openalex.org/W7167098178,0,,,OpenAlex author-ID match; version/status inferred from OpenAlex work type and location versions
2026-06-30,FET proteins and PARylation-dependent condensates promote replication fork reversal and genome stability,Journal article,Nature Communications,journal,Alessandro Vindigni; David Cortez,David Cortez,David Cortez,https://doi.org/10.1038/s41467-026-74950-9,,https://doi.org/10.1038/s41467-026-74950-9,https://openalex.org/W4417116985,,,Journal article,https://openalex.org/W4417116985,0,,,OpenAlex author-ID match; version/status inferred from OpenAlex work type and location versions
2026-06-30,Distinct ATRX functions cooperate with 9-1-1 and CST complexes to safeguard replication and telomere integrity,Journal article,Nature Structural & Molecular Biology,journal,Simon J. Boulton,Simon J. Boulton,Simon J. Boulton,https://doi.org/10.1038/s41594-026-01827-2,,https://doi.org/10.1038/s41594-026-01827-2,https://openalex.org/W4414404298,,,Journal article,https://openalex.org/W4414404298,1,,,OpenAlex author-ID match; version/status inferred from OpenAlex work type and location versions
2026-06-29,Structural basis of the nucleotide incorporation cycle of bacterial DNA polymerase III,Preprint,bioRxiv (Cold Spring Harbor Laboratory),repository,Jacob S. Lewis,,,https://doi.org/10.64898/2026.06.29.735100,,https://doi.org/10.64898/2026.06.29.735100,https://openalex.org/W7166563113,,,Preprint,https://openalex.org/W7166563113,0,,,OpenAlex author-ID match; version/status inferred from OpenAlex work type and location versions
2026-06-29,Cohesin-mediated replication fork tethering enables fork slowing and reversal,Preprint,Research Square,repository,Massimo Lopes,,,https://doi.org/10.21203/rs.3.rs-8403657/v1,,https://doi.org/10.21203/rs.3.rs-8403657/v1,https://openalex.org/W7166469218,,,Preprint,https://openalex.org/W7166469218,0,,,OpenAlex author-ID match; version/status inferred from OpenAlex work type and location versions
2026-06-29,Cellular replisomes are powered by flex-fuel motors for unwinding DNA,Journal article,Nature Communications,journal,James M. Berger,James M. Berger,James M. Berger,https://doi.org/10.1038/s41467-026-73652-6,,https://doi.org/10.1038/s41467-026-73652-6,https://openalex.org/W7166552117,,,Journal article,https://openalex.org/W7166552117,1,,,OpenAlex author-ID match; version/status inferred from OpenAlex work type and location versions
2026-06-26,Short linear motifs direct context-specific accessory helicase recruitment to replisomes,Dataset,Zenodo (CERN European Organization for Nuclear Research),repository,Thomas C. R. Miller,,,https://doi.org/10.5281/zenodo.20392936,,https://doi.org/10.5281/zenodo.20392936,https://openalex.org/W7166538057,,,Dataset,https://openalex.org/W7166538057; https://openalex.org/W7166573701; https://openalex.org/W7166842000,0,,,"OpenAlex author-ID match; version/status inferred from OpenAlex work type and location versions; exact-title OpenAlex duplicates/version records collapsed, strongest current status retained"
2026-06-25,CREPAS: a reproducible nascent chromatin sequencing analysis pipeline for epigenome replication studies,Preprint,bioRxiv (Cold Spring Harbor Laboratory),repository,Anja Groth,,,https://doi.org/10.64898/2026.06.21.732899,,https://doi.org/10.64898/2026.06.21.732899,https://openalex.org/W7166042706,,,Preprint,https://openalex.org/W7166042706,0,,,OpenAlex author-ID match; version/status inferred from OpenAlex work type and location versions
2026-06-22,Mechanism of negative supercoil relaxation by Topoisomerase IV,Journal article,Nucleic Acids Research,journal,Kenneth J. Marians,Kenneth J. Marians,,https://doi.org/10.1093/nar/gkag658,,https://doi.org/10.1093/nar/gkag658,https://openalex.org/W7166344136,,,Journal article,https://openalex.org/W7166344136,0,,,OpenAlex author-ID match; version/status inferred from OpenAlex work type and location versions
2026-06-22,A Thymine Dimer Stalls a High-Fidelity DNA Polymerase by Providing No Template Information in the Same Manner as an Abasic Site,Journal article,Biochemistry,journal,Lorena S. Beese,,,https://doi.org/10.1021/acs.biochem.5c00781,,https://doi.org/10.1021/acs.biochem.5c00781,https://openalex.org/W7165528762,,,Journal article,https://openalex.org/W7165528762,0,,,OpenAlex author-ID match; version/status inferred from OpenAlex work type and location versions
2026-06-16,Processing of reversed replication forks is required for the resolution of replication-transcription conflicts,Journal article,Nucleic Acids Research,journal,Houra Merrikh,Houra Merrikh,Houra Merrikh,https://doi.org/10.1093/nar/gkag639,,https://doi.org/10.1093/nar/gkag639,https://openalex.org/W7165673653,,,Journal article; Preprint,https://openalex.org/W7140133330; https://openalex.org/W7165673653,0,,,"OpenAlex author-ID match; version/status inferred from OpenAlex work type and location versions; exact-title OpenAlex duplicates/version records collapsed, strongest current status retained"
2026-06-16,Direct visualisation of post-replication gap formation at the bacterial RRS,Preprint,bioRxiv (Cold Spring Harbor Laboratory),repository,Jacob S. Lewis; Lisanne Spenkelink,,,https://doi.org/10.64898/2026.06.16.732529,,https://doi.org/10.64898/2026.06.16.732529,https://openalex.org/W7165037367,,,Preprint,https://openalex.org/W7165037367,0,,,OpenAlex author-ID match; version/status inferred from OpenAlex work type and location versions
2026-06-15,eLife Assessment: More than just a passive brick in the wall: the nucleosome facilitates DNA polymerase β activity in linker DNA and its PARP-dependent regulation in the BER pathway choice,Peer Review,Repository / venue not resolved,,Akira Shinohara,,Akira Shinohara,https://doi.org/10.7554/elife.111417.1.sa3,,https://doi.org/10.7554/elife.111417.1.sa3,https://openalex.org/W7164829024,,,Peer Review,https://openalex.org/W7164829024,0,,,OpenAlex author-ID match; version/status inferred from OpenAlex work type and location versions
2026-06-10,Replication protein A prevents unregulated priming and Rad51 loading on single-stranded DNA in nuclear extracts of Xenopus eggs,Preprint,bioRxiv (Cold Spring Harbor Laboratory),repository,Tatsuro S. Takahashi,,,https://doi.org/10.64898/2026.06.09.731035,,https://doi.org/10.64898/2026.06.09.731035,https://openalex.org/W7164356127,,,Preprint,https://openalex.org/W7164356127,0,,,OpenAlex author-ID match; version/status inferred from OpenAlex work type and location versions
2026-06-10,Bacillus subtilis DnaB forms multiple protein–protein interactions essential for DNA replication initiation,Journal article,Nucleic Acids Research,journal,Heath Murray,Heath Murray,,https://doi.org/10.1093/nar/gkag630,,https://doi.org/10.1093/nar/gkag630,https://openalex.org/W7167096614,,,Journal article,https://openalex.org/W7167096614,0,,,OpenAlex author-ID match; version/status inferred from OpenAlex work type and location versions
2026-06-04,PRMT1 arginine methylation of MCM4 restricts ssDNA gap formation during DNA replication,Preprint,bioRxiv (Cold Spring Harbor Laboratory),repository,Grant W. Brown,Grant W. Brown,Grant W. Brown,https://doi.org/10.64898/2026.06.03.729374,,https://doi.org/10.64898/2026.06.03.729374,https://openalex.org/W7163514727,,,Preprint,https://openalex.org/W7163514727,0,,,OpenAlex author-ID match; version/status inferred from OpenAlex work type and location versions
2026-06-04,ATP is dispensable for E. coli DNA replication and eukaryotic helicase activity,Journal article,Nature Communications,journal,Jacob S. Lewis; Lisanne Spenkelink,,Jacob S. Lewis,https://doi.org/10.1038/s41467-026-73893-5,,https://doi.org/10.1038/s41467-026-73893-5,https://openalex.org/W7163519211,,,Journal article,https://openalex.org/W7163519211,1,,,OpenAlex author-ID match; version/status inferred from OpenAlex work type and location versions
2026-06-03,Polynucleotide Phosphorylase Stops Replication Restart by Degrading the RNA within R-loops during Replication-Transcription Conflicts,Preprint,bioRxiv (Cold Spring Harbor Laboratory),repository,Houra Merrikh,Houra Merrikh,Houra Merrikh,https://doi.org/10.64898/2026.06.02.729377,,https://doi.org/10.64898/2026.06.02.729377,https://openalex.org/W7163359425,,,Preprint,https://openalex.org/W7163359425,0,,,OpenAlex author-ID match; version/status inferred from OpenAlex work type and location versions
2026-06-03,Editorial Expression of Concern: Functional proteomic identification of DNA replication proteins by induced proteolysis in vivo,Editorial,Nature,journal,Agnieszka Gambus,,,https://doi.org/10.1038/s41586-026-10727-w,,https://doi.org/10.1038/s41586-026-10727-w,https://openalex.org/W7163398481,,,Editorial,https://openalex.org/W7163398481,0,,,OpenAlex author-ID match; version/status inferred from OpenAlex work type and location versions
2026-05-27,Opposing regulation by Rev1 of DNA polymerase zeta activity on damaged versus undamaged DNA,Journal article,Nucleic Acids Research,journal,Peter M. Burgers,,,https://doi.org/10.1093/nar/gkag568,,https://doi.org/10.1093/nar/gkag568,https://openalex.org/W7164127887,,,Journal article,https://openalex.org/W7164127887,0,,,OpenAlex author-ID match; version/status inferred from OpenAlex work type and location versions
2026-05-21,Landscape of reversion alterations in homologous recombination genes reveals evolutionary constraints,Preprint,bioRxiv (Cold Spring Harbor Laboratory),repository,Roger A. Greenberg,,,https://doi.org/10.64898/2026.05.19.726319,,https://doi.org/10.64898/2026.05.19.726319,https://openalex.org/W7162087313,,,Preprint,https://openalex.org/W7162087313,0,,,OpenAlex author-ID match; version/status inferred from OpenAlex work type and location versions
2026-05-21,Dissecting the role of PCNA and Pif1 in replication of individual DNA molecules by DNA polymerase δ,Preprint,bioRxiv (Cold Spring Harbor Laboratory),repository,Peter M. Burgers,,,https://doi.org/10.64898/2026.05.19.725978,,https://doi.org/10.64898/2026.05.19.725978,https://openalex.org/W7162038214,,,Preprint,https://openalex.org/W7162038214,0,,,OpenAlex author-ID match; version/status inferred from OpenAlex work type and location versions
2026-05-20,Multifaceted roles of PDS5B in RAD51-dependent homology-directed DNA repair and replication fork protection,Journal article,Nature Communications,journal,Eric C. Greene,,,https://doi.org/10.1038/s41467-026-73479-1,,https://doi.org/10.1038/s41467-026-73479-1,https://openalex.org/W7161816619,,,Journal article,https://openalex.org/W7161816619,0,,,OpenAlex author-ID match; version/status inferred from OpenAlex work type and location versions
2026-05-19,Topological stress regulates replication fork dynamics in unperturbed S phase,Journal article,Nature Communications,journal,David Cortez,,,https://doi.org/10.1038/s41467-026-73330-7,,https://doi.org/10.1038/s41467-026-73330-7,https://openalex.org/W7161640492,,,Journal article,https://openalex.org/W7161640492,1,,,OpenAlex author-ID match; version/status inferred from OpenAlex work type and location versions
2026-05-16,Mcm10 braces converging replicative helicases to pull apart origin DNA,Preprint,bioRxiv (Cold Spring Harbor Laboratory),repository,Alessandro Costa,Alessandro Costa,Alessandro Costa,https://doi.org/10.64898/2026.05.15.725099,,https://doi.org/10.64898/2026.05.15.725099,https://openalex.org/W7161392854,,,Preprint,https://openalex.org/W7161392854,1,,,OpenAlex author-ID match; version/status inferred from OpenAlex work type and location versions
2026-05-16,Canavanine-based assay for gross chromosomal rearrangements reveals genome instability hotspots and modulating genes in fission yeast,Preprint,bioRxiv (Cold Spring Harbor Laboratory),repository,Sarah A. E. Lambert,,,https://doi.org/10.64898/2026.05.15.725498,,https://doi.org/10.64898/2026.05.15.725498,https://openalex.org/W7161420498,,,Preprint,https://openalex.org/W7161420498,0,,,OpenAlex author-ID match; version/status inferred from OpenAlex work type and location versions
2026-05-15,A novel ψ–χ fusion protein for unravelling the contributions of χ to DNA replication and repair,Journal article,Nucleic Acids Research,journal,Susan T. Lovett,,,https://doi.org/10.1093/nar/gkag533,,https://doi.org/10.1093/nar/gkag533,https://openalex.org/W4415232817,,,Journal article,https://openalex.org/W4415232817,0,,,OpenAlex author-ID match; version/status inferred from OpenAlex work type and location versions
2026-05-14,Distinct roles of MCM2-7 subunits in replication licensing in human cells,Journal article,Nature Communications,journal,Yuanliang Zhai,Yuanliang Zhai,Yuanliang Zhai,https://doi.org/10.1038/s41467-026-73118-9,,https://doi.org/10.1038/s41467-026-73118-9,https://openalex.org/W7161595791,,,Journal article,https://openalex.org/W7161595791,0,,,OpenAlex author-ID match; version/status inferred from OpenAlex work type and location versions
2026-05-08,Condensin and topoisomerases cooperate to relieve topological stress at stalled replication forks,Journal article,Nature Communications,journal,Alessandro Vindigni; Philippe Pasero,,,https://doi.org/10.1038/s41467-026-72936-1,,https://doi.org/10.1038/s41467-026-72936-1,https://openalex.org/W4413195255,,,Journal article,https://openalex.org/W4413195255,0,,,OpenAlex author-ID match; version/status inferred from OpenAlex work type and location versions
2026-05-05,A lethal ORC ATPase mutation is suppressed by alterations in ORC and RNA Pol II transcription components,Preprint,bioRxiv (Cold Spring Harbor Laboratory),repository,Stephen P. Bell,Stephen P. Bell,Stephen P. Bell,https://doi.org/10.64898/2026.05.01.722367,,https://doi.org/10.64898/2026.05.01.722367,https://openalex.org/W7160273482,,,Preprint,https://openalex.org/W7160273482,0,,,OpenAlex author-ID match; version/status inferred from OpenAlex work type and location versions
2026-05-01,WED-255 DNA replication stress as a therapeutic target in hepatocellular carcinoma,Conference Abstract,Journal of Hepatology,journal,Massimo Lopes,,,https://doi.org/10.1016/s0168-8278(26)01374-7,,https://doi.org/10.1016/s0168-8278(26)01374-7,https://openalex.org/W7162553245,,,Conference Abstract,https://openalex.org/W7162553245,0,,,OpenAlex author-ID match; version/status inferred from OpenAlex work type and location versions
2026-04-29,ATM lifts the cGAS handbrake on DNA replication,Journal article,Nature Cell Biology,journal,Philippe Pasero,Philippe Pasero,Philippe Pasero,https://doi.org/10.1038/s41556-026-01944-6,,https://doi.org/10.1038/s41556-026-01944-6,https://openalex.org/W7158637858,,,Journal article,https://openalex.org/W7158637858,0,,,OpenAlex author-ID match; version/status inferred from OpenAlex work type and location versions
2026-04-29,ATM counteracts chromatin-bound cGAS during DNA replication,Journal article,Nature Cell Biology,journal,Lee Zou,Lee Zou,Lee Zou,https://doi.org/10.1038/s41556-026-01931-x,,https://doi.org/10.1038/s41556-026-01931-x,https://openalex.org/W7158529444,,,Journal article,https://openalex.org/W7158529444,1,,,OpenAlex author-ID match; version/status inferred from OpenAlex work type and location versions
2026-04-20,The SMARCA4 subunit of the SWI/SNF complex prevents genome instability at G quadruplexes,Journal article,Genome biology,journal,Jessica A. Downs,Jessica A. Downs,Jessica A. Downs,https://doi.org/10.1186/s13059-026-04080-4,,https://doi.org/10.1186/s13059-026-04080-4,https://openalex.org/W7154902371,,,Journal article,https://openalex.org/W7154902371,1,,,OpenAlex author-ID match; version/status inferred from OpenAlex work type and location versions
2026-04-17,"Loss of Pol32, a subunit of DNA polymerases δ and ζ, leads to different patterns of genome stability than direct impairment of these individual polymerases",Journal article,mBio,journal,Thomas D. Petes,,,https://doi.org/10.1128/mbio.00531-26,,https://doi.org/10.1128/mbio.00531-26,https://openalex.org/W7154775010,,,Journal article,https://openalex.org/W7154775010,1,,,OpenAlex author-ID match; version/status inferred from OpenAlex work type and location versions
2026-04-15,Functional assays for BRCA1 and BRCA2 variant analysis: new tools and their applications,Journal article,npj Breast Cancer,journal,Claus Storgaard Sørensen,Claus Storgaard Sørensen,Claus Storgaard Sørensen,https://doi.org/10.1038/s41523-026-00949-6,,https://doi.org/10.1038/s41523-026-00949-6,https://openalex.org/W7154511110,,,Journal article,https://openalex.org/W7154511110,0,,,OpenAlex author-ID match; version/status inferred from OpenAlex work type and location versions
2026-04-03,Abstract 1748: FORX-428: Exploiting PARG inhibition to target replication stress in cancer cells,Conference Abstract,Cancer Research,journal,Thanos D. Halazonetis,,,https://doi.org/10.1158/1538-7445.am2026-1748,,https://doi.org/10.1158/1538-7445.am2026-1748,https://openalex.org/W7148993881,,,Conference Abstract,https://openalex.org/W7148993881,0,,,OpenAlex author-ID match; version/status inferred from OpenAlex work type and location versions
2026-04-01,BRCA2-dependent maturation of nascent strands during DNA replication,Journal article,Molecular Cell,journal,Keith W. Caldecott,Keith W. Caldecott,Keith W. Caldecott,https://doi.org/10.1016/j.molcel.2026.03.012,,https://doi.org/10.1016/j.molcel.2026.03.012,https://openalex.org/W7148746119,,,Journal article,https://openalex.org/W7148746119,1,,,OpenAlex author-ID match; version/status inferred from OpenAlex work type and location versions
2026-03-30,Endogenous Sources of Abasic Sites and Implications for DNA Replication: Mechanisms of Fork Stalling and Recovery,Journal article,Annual Review of Biochemistry,journal,Alberto Ciccia,Alberto Ciccia,,https://doi.org/10.1146/annurev-biochem-030222-114544,,https://doi.org/10.1146/annurev-biochem-030222-114544,https://openalex.org/W7143319463,,,Journal article,https://openalex.org/W7143319463,2,,,OpenAlex author-ID match; version/status inferred from OpenAlex work type and location versions
2026-03-28,Dbf4-dependent kinase finetunes Ino80 function at chromosome replication origins,Journal article,Nature Communications,journal,Christoph F. Kurat,Christoph F. Kurat,Christoph F. Kurat,https://doi.org/10.1038/s41467-026-70698-4,,https://doi.org/10.1038/s41467-026-70698-4,https://openalex.org/W7142217132,,,Journal article,https://openalex.org/W7142217132,1,,,OpenAlex author-ID match; version/status inferred from OpenAlex work type and location versions
2026-03-24,Slx4 and Fun30/SMARCAD1 coordinate S-phase checkpoint regulation and replication fork protection in response to Top1–DNA crosslinks,Journal article,Nucleic Acids Research,journal,Philippe Pasero,,,https://doi.org/10.1093/nar/gkag295,,https://doi.org/10.1093/nar/gkag295,https://openalex.org/W4412765053,,,Journal article,https://openalex.org/W4412765053,1,,,OpenAlex author-ID match; version/status inferred from OpenAlex work type and location versions
2026-03-20,The Dynamics of Chromatin Replication,Journal article,Annual Review of Biochemistry,journal,Anja Groth,Anja Groth,,https://doi.org/10.1146/annurev-biochem-082525-050024,,https://doi.org/10.1146/annurev-biochem-082525-050024,https://openalex.org/W7139928237,,,Journal article,https://openalex.org/W7139928237,5,,,OpenAlex author-ID match; version/status inferred from OpenAlex work type and location versions
2026-03-17,POLQ-driven repair scars shape the immunogenic landscape of homologous recombination-deficient pancreatic cancer,Preprint,bioRxiv (Cold Spring Harbor Laboratory),repository,Agnel Sfeir,,,https://doi.org/10.64898/2026.03.15.711961,,https://doi.org/10.64898/2026.03.15.711961,https://openalex.org/W7137815065,,,Preprint,https://openalex.org/W7137815065,1,,,OpenAlex author-ID match; version/status inferred from OpenAlex work type and location versions
2026-03-16,Microhomology-mediated end joining acts directly on replication forks to repair single-ended double-strand breaks,Journal article,Molecular Cell,journal,David M. Gilbert,,,https://doi.org/10.1016/j.molcel.2026.02.016,,https://doi.org/10.1016/j.molcel.2026.02.016,https://openalex.org/W7137093770,,,Journal article,https://openalex.org/W7137093770,2,,,OpenAlex author-ID match; version/status inferred from OpenAlex work type and location versions
2026-03-10,Evolution of Origin Sequence and Recognition for Licensing of Eukaryotic DNA Replication,Preprint,bioRxiv (Cold Spring Harbor Laboratory),repository,Bruce Stillman,Bruce Stillman,Bruce Stillman,https://doi.org/10.64898/2026.03.10.710760,,https://doi.org/10.64898/2026.03.10.710760,https://openalex.org/W7134969339,,,Preprint,https://openalex.org/W7134969339,0,,,OpenAlex author-ID match; version/status inferred from OpenAlex work type and location versions
2026-03-03,Correction: GAS6/AXL Inhibition Enhances Ovarian Cancer Sensitivity to Chemotherapy and PARP Inhibition through Increased DNA Damage and Enhanced Replication Stress,Erratum,Molecular Cancer Research,journal,Alessandro Vindigni,,,https://doi.org/10.1158/1541-7786.mcr-26-0075,,https://doi.org/10.1158/1541-7786.mcr-26-0075,https://openalex.org/W7133322614,,,Erratum,https://openalex.org/W7133322614,0,,,OpenAlex author-ID match; version/status inferred from OpenAlex work type and location versions
2026-03-02,Autosomal Allelic Inactivation: Variable Replication and Dosage Sensitivity,Preprint,eLife,journal,David M. Gilbert,,,https://doi.org/10.7554/elife.109938.1,,https://doi.org/10.7554/elife.109938.1,https://openalex.org/W7133205360,,,Preprint,https://openalex.org/W7133205360,0,,,OpenAlex author-ID match; version/status inferred from OpenAlex work type and location versions
